 time            v(stimulus)     v(host)         v(line)         v(sense)
 0.00000000e+00  0.00000000e+00  0.00000000e+00  4.77550987e+00  3.30000000e+00
 5.00000000e-10  0.00000000e+00  0.00000000e+00  4.77550987e+00  3.30000000e+00
 1.00000000e-09  0.00000000e+00  0.00000000e+00  4.77550987e+00  3.30000000e+00
 2.00000000e-09  0.00000000e+00  0.00000000e+00  4.77550987e+00  3.30000000e+00
 4.00000000e-09  0.00000000e+00  0.00000000e+00  4.77550987e+00  3.30000000e+00
 8.00000000e-09  0.00000000e+00  0.00000000e+00  4.77550987e+00  3.30000000e+00
 1.60000000e-08  0.00000000e+00  0.00000000e+00  4.77550987e+00  3.30000000e+00
 3.20000000e-08  0.00000000e+00  0.00000000e+00  4.77550987e+00  3.30000000e+00
 6.40000000e-08  0.00000000e+00  0.00000000e+00  4.77550987e+00  3.30000000e+00
 1.14000000e-07  0.00000000e+00  0.00000000e+00  4.77550987e+00  3.30000000e+00
 1.64000000e-07  0.00000000e+00  0.00000000e+00  4.77550987e+00  3.30000000e+00
 2.14000000e-07  0.00000000e+00  0.00000000e+00  4.77550987e+00  3.30000000e+00
 2.64000000e-07  0.00000000e+00  0.00000000e+00  4.77550987e+00  3.30000000e+00
 3.14000000e-07  0.00000000e+00  0.00000000e+00  4.77550987e+00  3.30000000e+00
 3.64000000e-07  0.00000000e+00  0.00000000e+00  4.77550987e+00  3.30000000e+00
 4.14000000e-07  0.00000000e+00  0.00000000e+00  4.77550987e+00  3.30000000e+00
 4.64000000e-07  0.00000000e+00  0.00000000e+00  4.77550987e+00  3.30000000e+00
 5.14000000e-07  0.00000000e+00  0.00000000e+00  4.77550987e+00  3.30000000e+00
 5.64000000e-07  0.00000000e+00  0.00000000e+00  4.77550987e+00  3.30000000e+00
 6.14000000e-07  0.00000000e+00  0.00000000e+00  4.77550987e+00  3.30000000e+00
 6.64000000e-07  0.00000000e+00  0.00000000e+00  4.77550987e+00  3.30000000e+00
 7.14000000e-07  0.00000000e+00  0.00000000e+00  4.77550987e+00  3.30000000e+00
 7.64000000e-07  0.00000000e+00  0.00000000e+00  4.77550987e+00  3.30000000e+00
 8.14000000e-07  0.00000000e+00  0.00000000e+00  4.77550987e+00  3.30000000e+00
 8.64000000e-07  0.00000000e+00  0.00000000e+00  4.77550987e+00  3.30000000e+00
 9.14000000e-07  0.00000000e+00  0.00000000e+00  4.77550987e+00  3.30000000e+00
 9.64000000e-07  0.00000000e+00  0.00000000e+00  4.77550987e+00  3.30000000e+00
 1.01400000e-06  0.00000000e+00  0.00000000e+00  4.77550987e+00  3.30000000e+00
 1.06400000e-06  0.00000000e+00  0.00000000e+00  4.77550987e+00  3.30000000e+00
 1.11400000e-06  0.00000000e+00  0.00000000e+00  4.77550987e+00  3.30000000e+00
 1.16400000e-06  0.00000000e+00  0.00000000e+00  4.77550987e+00  3.30000000e+00
 1.21400000e-06  0.00000000e+00  0.00000000e+00  4.77550987e+00  3.30000000e+00
 1.26400000e-06  0.00000000e+00  0.00000000e+00  4.77550987e+00  3.30000000e+00
 1.31400000e-06  0.00000000e+00  0.00000000e+00  4.77550987e+00  3.30000000e+00
 1.36400000e-06  0.00000000e+00  0.00000000e+00  4.77550987e+00  3.30000000e+00
 1.41400000e-06  0.00000000e+00  0.00000000e+00  4.77550987e+00  3.30000000e+00
 1.46400000e-06  0.00000000e+00  0.00000000e+00  4.77550987e+00  3.30000000e+00
 1.51400000e-06  0.00000000e+00  0.00000000e+00  4.77550987e+00  3.30000000e+00
 1.56400000e-06  0.00000000e+00  0.00000000e+00  4.77550987e+00  3.30000000e+00
 1.61400000e-06  0.00000000e+00  0.00000000e+00  4.77550987e+00  3.30000000e+00
 1.66400000e-06  0.00000000e+00  0.00000000e+00  4.77550987e+00  3.30000000e+00
 1.71400000e-06  0.00000000e+00  0.00000000e+00  4.77550987e+00  3.30000000e+00
 1.76400000e-06  0.00000000e+00  0.00000000e+00  4.77550987e+00  3.30000000e+00
 1.81400000e-06  0.00000000e+00  0.00000000e+00  4.77550987e+00  3.30000000e+00
 1.86400000e-06  0.00000000e+00  0.00000000e+00  4.77550987e+00  3.30000000e+00
 1.91400000e-06  0.00000000e+00  0.00000000e+00  4.77550987e+00  3.30000000e+00
 1.96400000e-06  0.00000000e+00  0.00000000e+00  4.77550987e+00  3.30000000e+00
 2.01400000e-06  0.00000000e+00  0.00000000e+00  4.77550987e+00  3.30000000e+00
 2.06400000e-06  0.00000000e+00  0.00000000e+00  4.77550987e+00  3.30000000e+00
 2.11400000e-06  0.00000000e+00  0.00000000e+00  4.77550987e+00  3.30000000e+00
 2.16400000e-06  0.00000000e+00  0.00000000e+00  4.77550987e+00  3.30000000e+00
 2.21400000e-06  0.00000000e+00  0.00000000e+00  4.77550987e+00  3.30000000e+00
 2.26400000e-06  0.00000000e+00  0.00000000e+00  4.77550987e+00  3.30000000e+00
 2.31400000e-06  0.00000000e+00  0.00000000e+00  4.77550987e+00  3.30000000e+00
 2.36400000e-06  0.00000000e+00  0.00000000e+00  4.77550987e+00  3.30000000e+00
 2.41400000e-06  0.00000000e+00  0.00000000e+00  4.77550987e+00  3.30000000e+00
 2.46400000e-06  0.00000000e+00  0.00000000e+00  4.77550987e+00  3.30000000e+00
 2.51400000e-06  0.00000000e+00  0.00000000e+00  4.77550987e+00  3.30000000e+00
 2.56400000e-06  0.00000000e+00  0.00000000e+00  4.77550987e+00  3.30000000e+00
 2.61400000e-06  0.00000000e+00  0.00000000e+00  4.77550987e+00  3.30000000e+00
 2.66400000e-06  0.00000000e+00  0.00000000e+00  4.77550987e+00  3.30000000e+00
 2.71400000e-06  0.00000000e+00  0.00000000e+00  4.77550987e+00  3.30000000e+00
 2.76400000e-06  0.00000000e+00  0.00000000e+00  4.77550987e+00  3.30000000e+00
 2.81400000e-06  0.00000000e+00  0.00000000e+00  4.77550987e+00  3.30000000e+00
 2.86400000e-06  0.00000000e+00  0.00000000e+00  4.77550987e+00  3.30000000e+00
 2.91400000e-06  0.00000000e+00  0.00000000e+00  4.77550987e+00  3.30000000e+00
 2.96400000e-06  0.00000000e+00  0.00000000e+00  4.77550987e+00  3.30000000e+00
 3.01400000e-06  0.00000000e+00  0.00000000e+00  4.77550987e+00  3.30000000e+00
 3.06400000e-06  0.00000000e+00  0.00000000e+00  4.77550987e+00  3.30000000e+00
 3.11400000e-06  0.00000000e+00  0.00000000e+00  4.77550987e+00  3.30000000e+00
 3.16400000e-06  0.00000000e+00  0.00000000e+00  4.77550987e+00  3.30000000e+00
 3.21400000e-06  0.00000000e+00  0.00000000e+00  4.77550987e+00  3.30000000e+00
 3.26400000e-06  0.00000000e+00  0.00000000e+00  4.77550987e+00  3.30000000e+00
 3.31400000e-06  0.00000000e+00  0.00000000e+00  4.77550987e+00  3.30000000e+00
 3.36400000e-06  0.00000000e+00  0.00000000e+00  4.77550987e+00  3.30000000e+00
 3.41400000e-06  0.00000000e+00  0.00000000e+00  4.77550987e+00  3.30000000e+00
 3.46400000e-06  0.00000000e+00  0.00000000e+00  4.77550987e+00  3.30000000e+00
 3.51400000e-06  0.00000000e+00  0.00000000e+00  4.77550987e+00  3.30000000e+00
 3.56400000e-06  0.00000000e+00  0.00000000e+00  4.77550987e+00  3.30000000e+00
 3.61400000e-06  0.00000000e+00  0.00000000e+00  4.77550987e+00  3.30000000e+00
 3.66400000e-06  0.00000000e+00  0.00000000e+00  4.77550987e+00  3.30000000e+00
 3.71400000e-06  0.00000000e+00  0.00000000e+00  4.77550987e+00  3.30000000e+00
 3.76400000e-06  0.00000000e+00  0.00000000e+00  4.77550987e+00  3.30000000e+00
 3.81400000e-06  0.00000000e+00  0.00000000e+00  4.77550987e+00  3.30000000e+00
 3.86400000e-06  0.00000000e+00  0.00000000e+00  4.77550987e+00  3.30000000e+00
 3.91400000e-06  0.00000000e+00  0.00000000e+00  4.77550987e+00  3.30000000e+00
 3.96400000e-06  0.00000000e+00  0.00000000e+00  4.77550987e+00  3.30000000e+00
 4.01400000e-06  0.00000000e+00  0.00000000e+00  4.77550987e+00  3.30000000e+00
 4.06400000e-06  0.00000000e+00  0.00000000e+00  4.77550987e+00  3.30000000e+00
 4.11400000e-06  0.00000000e+00  0.00000000e+00  4.77550987e+00  3.30000000e+00
 4.16400000e-06  0.00000000e+00  0.00000000e+00  4.77550987e+00  3.30000000e+00
 4.21400000e-06  0.00000000e+00  0.00000000e+00  4.77550987e+00  3.30000000e+00
 4.26400000e-06  0.00000000e+00  0.00000000e+00  4.77550987e+00  3.30000000e+00
 4.31400000e-06  0.00000000e+00  0.00000000e+00  4.77550987e+00  3.30000000e+00
 4.36400000e-06  0.00000000e+00  0.00000000e+00  4.77550987e+00  3.30000000e+00
 4.41400000e-06  0.00000000e+00  0.00000000e+00  4.77550987e+00  3.30000000e+00
 4.46400000e-06  0.00000000e+00  0.00000000e+00  4.77550987e+00  3.30000000e+00
 4.51400000e-06  0.00000000e+00  0.00000000e+00  4.77550987e+00  3.30000000e+00
 4.56400000e-06  0.00000000e+00  0.00000000e+00  4.77550987e+00  3.30000000e+00
 4.61400000e-06  0.00000000e+00  0.00000000e+00  4.77550987e+00  3.30000000e+00
 4.66400000e-06  0.00000000e+00  0.00000000e+00  4.77550987e+00  3.30000000e+00
 4.71400000e-06  0.00000000e+00  0.00000000e+00  4.77550987e+00  3.30000000e+00
 4.76400000e-06  0.00000000e+00  0.00000000e+00  4.77550987e+00  3.30000000e+00
 4.81400000e-06  0.00000000e+00  0.00000000e+00  4.77550987e+00  3.30000000e+00
 4.86400000e-06  0.00000000e+00  0.00000000e+00  4.77550987e+00  3.30000000e+00
 4.91400000e-06  0.00000000e+00  0.00000000e+00  4.77550987e+00  3.30000000e+00
 4.96400000e-06  0.00000000e+00  0.00000000e+00  4.77550987e+00  3.30000000e+00
 5.01400000e-06  0.00000000e+00  0.00000000e+00  4.77550987e+00  3.30000000e+00
 5.06400000e-06  0.00000000e+00  0.00000000e+00  4.77550987e+00  3.30000000e+00
 5.11400000e-06  0.00000000e+00  0.00000000e+00  4.77550987e+00  3.30000000e+00
 5.16400000e-06  0.00000000e+00  0.00000000e+00  4.77550987e+00  3.30000000e+00
 5.21400000e-06  0.00000000e+00  0.00000000e+00  4.77550987e+00  3.30000000e+00
 5.26400000e-06  0.00000000e+00  0.00000000e+00  4.77550987e+00  3.30000000e+00
 5.31400000e-06  0.00000000e+00  0.00000000e+00  4.77550987e+00  3.30000000e+00
 5.36400000e-06  0.00000000e+00  0.00000000e+00  4.77550987e+00  3.30000000e+00
 5.41400000e-06  0.00000000e+00  0.00000000e+00  4.77550987e+00  3.30000000e+00
 5.46400000e-06  0.00000000e+00  0.00000000e+00  4.77550987e+00  3.30000000e+00
 5.51400000e-06  0.00000000e+00  0.00000000e+00  4.77550987e+00  3.30000000e+00
 5.56400000e-06  0.00000000e+00  0.00000000e+00  4.77550987e+00  3.30000000e+00
 5.61400000e-06  0.00000000e+00  0.00000000e+00  4.77550987e+00  3.30000000e+00
 5.66400000e-06  0.00000000e+00  0.00000000e+00  4.77550987e+00  3.30000000e+00
 5.71400000e-06  0.00000000e+00  0.00000000e+00  4.77550987e+00  3.30000000e+00
 5.76400000e-06  0.00000000e+00  0.00000000e+00  4.77550987e+00  3.30000000e+00
 5.81400000e-06  0.00000000e+00  0.00000000e+00  4.77550987e+00  3.30000000e+00
 5.86400000e-06  0.00000000e+00  0.00000000e+00  4.77550987e+00  3.30000000e+00
 5.91400000e-06  0.00000000e+00  0.00000000e+00  4.77550987e+00  3.30000000e+00
 5.96400000e-06  0.00000000e+00  0.00000000e+00  4.77550987e+00  3.30000000e+00
 6.01400000e-06  0.00000000e+00  0.00000000e+00  4.77550987e+00  3.30000000e+00
 6.06400000e-06  0.00000000e+00  0.00000000e+00  4.77550987e+00  3.30000000e+00
 6.11400000e-06  0.00000000e+00  0.00000000e+00  4.77550987e+00  3.30000000e+00
 6.16400000e-06  0.00000000e+00  0.00000000e+00  4.77550987e+00  3.30000000e+00
 6.21400000e-06  0.00000000e+00  0.00000000e+00  4.77550987e+00  3.30000000e+00
 6.26400000e-06  0.00000000e+00  0.00000000e+00  4.77550987e+00  3.30000000e+00
 6.31400000e-06  0.00000000e+00  0.00000000e+00  4.77550987e+00  3.30000000e+00
 6.36400000e-06  0.00000000e+00  0.00000000e+00  4.77550987e+00  3.30000000e+00
 6.41400000e-06  0.00000000e+00  0.00000000e+00  4.77550987e+00  3.30000000e+00
 6.46400000e-06  0.00000000e+00  0.00000000e+00  4.77550987e+00  3.30000000e+00
 6.51400000e-06  0.00000000e+00  0.00000000e+00  4.77550987e+00  3.30000000e+00
 6.56400000e-06  0.00000000e+00  0.00000000e+00  4.77550987e+00  3.30000000e+00
 6.61400000e-06  0.00000000e+00  0.00000000e+00  4.77550987e+00  3.30000000e+00
 6.66400000e-06  0.00000000e+00  0.00000000e+00  4.77550987e+00  3.30000000e+00
 6.71400000e-06  0.00000000e+00  0.00000000e+00  4.77550987e+00  3.30000000e+00
 6.76400000e-06  0.00000000e+00  0.00000000e+00  4.77550987e+00  3.30000000e+00
 6.81400000e-06  0.00000000e+00  0.00000000e+00  4.77550987e+00  3.30000000e+00
 6.86400000e-06  0.00000000e+00  0.00000000e+00  4.77550987e+00  3.30000000e+00
 6.91400000e-06  0.00000000e+00  0.00000000e+00  4.77550987e+00  3.30000000e+00
 6.96400000e-06  0.00000000e+00  0.00000000e+00  4.77550987e+00  3.30000000e+00
 7.01400000e-06  0.00000000e+00  0.00000000e+00  4.77550987e+00  3.30000000e+00
 7.06400000e-06  0.00000000e+00  0.00000000e+00  4.77550987e+00  3.30000000e+00
 7.11400000e-06  0.00000000e+00  0.00000000e+00  4.77550987e+00  3.30000000e+00
 7.16400000e-06  0.00000000e+00  0.00000000e+00  4.77550987e+00  3.30000000e+00
 7.21400000e-06  0.00000000e+00  0.00000000e+00  4.77550987e+00  3.30000000e+00
 7.26400000e-06  0.00000000e+00  0.00000000e+00  4.77550987e+00  3.30000000e+00
 7.31400000e-06  0.00000000e+00  0.00000000e+00  4.77550987e+00  3.30000000e+00
 7.36400000e-06  0.00000000e+00  0.00000000e+00  4.77550987e+00  3.30000000e+00
 7.41400000e-06  0.00000000e+00  0.00000000e+00  4.77550987e+00  3.30000000e+00
 7.46400000e-06  0.00000000e+00  0.00000000e+00  4.77550987e+00  3.30000000e+00
 7.51400000e-06  0.00000000e+00  0.00000000e+00  4.77550987e+00  3.30000000e+00
 7.56400000e-06  0.00000000e+00  0.00000000e+00  4.77550987e+00  3.30000000e+00
 7.61400000e-06  0.00000000e+00  0.00000000e+00  4.77550987e+00  3.30000000e+00
 7.66400000e-06  0.00000000e+00  0.00000000e+00  4.77550987e+00  3.30000000e+00
 7.71400000e-06  0.00000000e+00  0.00000000e+00  4.77550987e+00  3.30000000e+00
 7.76400000e-06  0.00000000e+00  0.00000000e+00  4.77550987e+00  3.30000000e+00
 7.81400000e-06  0.00000000e+00  0.00000000e+00  4.77550987e+00  3.30000000e+00
 7.86400000e-06  0.00000000e+00  0.00000000e+00  4.77550987e+00  3.30000000e+00
 7.91400000e-06  0.00000000e+00  0.00000000e+00  4.77550987e+00  3.30000000e+00
 7.96400000e-06  0.00000000e+00  0.00000000e+00  4.77550987e+00  3.30000000e+00
 8.01400000e-06  0.00000000e+00  0.00000000e+00  4.77550987e+00  3.30000000e+00
 8.06400000e-06  0.00000000e+00  0.00000000e+00  4.77550987e+00  3.30000000e+00
 8.11400000e-06  0.00000000e+00  0.00000000e+00  4.77550987e+00  3.30000000e+00
 8.16400000e-06  0.00000000e+00  0.00000000e+00  4.77550987e+00  3.30000000e+00
 8.21400000e-06  0.00000000e+00  0.00000000e+00  4.77550987e+00  3.30000000e+00
 8.26400000e-06  0.00000000e+00  0.00000000e+00  4.77550987e+00  3.30000000e+00
 8.31400000e-06  0.00000000e+00  0.00000000e+00  4.77550987e+00  3.30000000e+00
 8.36400000e-06  0.00000000e+00  0.00000000e+00  4.77550987e+00  3.30000000e+00
 8.41400000e-06  0.00000000e+00  0.00000000e+00  4.77550987e+00  3.30000000e+00
 8.46400000e-06  0.00000000e+00  0.00000000e+00  4.77550987e+00  3.30000000e+00
 8.51400000e-06  0.00000000e+00  0.00000000e+00  4.77550987e+00  3.30000000e+00
 8.56400000e-06  0.00000000e+00  0.00000000e+00  4.77550987e+00  3.30000000e+00
 8.61400000e-06  0.00000000e+00  0.00000000e+00  4.77550987e+00  3.30000000e+00
 8.66400000e-06  0.00000000e+00  0.00000000e+00  4.77550987e+00  3.30000000e+00
 8.71400000e-06  0.00000000e+00  0.00000000e+00  4.77550987e+00  3.30000000e+00
 8.76400000e-06  0.00000000e+00  0.00000000e+00  4.77550987e+00  3.30000000e+00
 8.81400000e-06  0.00000000e+00  0.00000000e+00  4.77550987e+00  3.30000000e+00
 8.86400000e-06  0.00000000e+00  0.00000000e+00  4.77550987e+00  3.30000000e+00
 8.91400000e-06  0.00000000e+00  0.00000000e+00  4.77550987e+00  3.30000000e+00
 8.96400000e-06  0.00000000e+00  0.00000000e+00  4.77550987e+00  3.30000000e+00
 9.01400000e-06  0.00000000e+00  0.00000000e+00  4.77550987e+00  3.30000000e+00
 9.06400000e-06  0.00000000e+00  0.00000000e+00  4.77550987e+00  3.30000000e+00
 9.11400000e-06  0.00000000e+00  0.00000000e+00  4.77550987e+00  3.30000000e+00
 9.16400000e-06  0.00000000e+00  0.00000000e+00  4.77550987e+00  3.30000000e+00
 9.21400000e-06  0.00000000e+00  0.00000000e+00  4.77550987e+00  3.30000000e+00
 9.26400000e-06  0.00000000e+00  0.00000000e+00  4.77550987e+00  3.30000000e+00
 9.31400000e-06  0.00000000e+00  0.00000000e+00  4.77550987e+00  3.30000000e+00
 9.36400000e-06  0.00000000e+00  0.00000000e+00  4.77550987e+00  3.30000000e+00
 9.41400000e-06  0.00000000e+00  0.00000000e+00  4.77550987e+00  3.30000000e+00
 9.46400000e-06  0.00000000e+00  0.00000000e+00  4.77550987e+00  3.30000000e+00
 9.51400000e-06  0.00000000e+00  0.00000000e+00  4.77550987e+00  3.30000000e+00
 9.56400000e-06  0.00000000e+00  0.00000000e+00  4.77550987e+00  3.30000000e+00
 9.61400000e-06  0.00000000e+00  0.00000000e+00  4.77550987e+00  3.30000000e+00
 9.66400000e-06  0.00000000e+00  0.00000000e+00  4.77550987e+00  3.30000000e+00
 9.71400000e-06  0.00000000e+00  0.00000000e+00  4.77550987e+00  3.30000000e+00
 9.76400000e-06  0.00000000e+00  0.00000000e+00  4.77550987e+00  3.30000000e+00
 9.81400000e-06  0.00000000e+00  0.00000000e+00  4.77550987e+00  3.30000000e+00
 9.86400000e-06  0.00000000e+00  0.00000000e+00  4.77550987e+00  3.30000000e+00
 9.91400000e-06  0.00000000e+00  0.00000000e+00  4.77550987e+00  3.30000000e+00
 9.96400000e-06  0.00000000e+00  0.00000000e+00  4.77550987e+00  3.30000000e+00
 1.00000000e-05  0.00000000e+00  0.00000000e+00  4.77550987e+00  3.30000000e+00
 1.00000820e-05  2.70628252e-03  0.00000000e+00  4.77550993e+00  3.30000000e+00
 1.00002460e-05  8.11884755e-03  0.00000000e+00  4.77551017e+00  3.30000000e+00
 1.00005741e-05  1.89439776e-02  0.00000000e+00  4.77551136e+00  3.30000000e+00
 1.00009326e-05  3.07773425e-02  0.00000000e+00  4.77551371e+00  3.30000000e+00
 1.00016498e-05  5.44440722e-02  0.00000000e+00  4.77552161e+00  3.30000000e+00
 1.00029992e-05  9.89723194e-02  0.00000000e+00  4.77554731e+00  3.30000000e+00
 1.00048778e-05  1.60967247e-01  0.00000000e+00  4.77560446e+00  3.30000000e+00
 1.00076374e-05  2.52034394e-01  0.00000000e+00  4.77572679e+00  3.30000000e+00
 1.00113084e-05  3.73175708e-01  0.00000000e+00  4.77594548e+00  3.30000000e+00
 1.00165489e-05  5.46115345e-01  0.00000000e+00  4.77633288e+00  3.30000000e+00
 1.00240990e-05  7.95267294e-01  0.00000000e+00  4.77696053e+00  3.30000000e+00
 1.00376337e-05  1.24191110e+00  0.00000000e+00  4.76556031e+00  3.30000000e+00
 1.00519406e-05  1.71404084e+00  0.00000000e+00  4.64826901e+00  3.30000000e+00
 1.00661033e-05  2.18140881e+00  0.00000000e+00  4.33444774e+00  3.30000000e+00
 1.00835945e-05  2.75861775e+00  0.00000000e+00  3.64287017e+00  3.30000000e+00
 1.01000000e-05  3.30000000e+00  0.00000000e+00  2.68828811e+00  3.30000000e+00
 1.01023558e-05  3.30000000e+00  0.00000000e+00  2.52524649e+00  3.30000000e+00
 1.01070675e-05  3.30000000e+00  0.00000000e+00  2.19003886e+00  3.30000000e+00
 1.01164908e-05  3.30000000e+00  0.00000000e+00  1.47613019e+00  3.30000000e+00
 1.01243169e-05  3.30000000e+00  0.00000000e+00  8.54039518e-01  3.30000000e+00
 1.01290618e-05  3.30000000e+00  0.00000000e+00  4.73062741e-01  3.30000000e+00
 1.01324453e-05  3.30000000e+00  0.00000000e+00  2.16660735e-01  3.30000000e+00
 1.01341362e-05  3.30000000e+00  0.00000000e+00  1.11902305e-01  3.30000000e+00
 1.01353257e-05  3.30000000e+00  0.00000000e+00  5.99346115e-02  3.30000000e+00
 1.01363616e-05  3.30000000e+00  0.00000000e+00  3.00484621e-02  3.30000000e+00
 1.01371175e-05  3.30000000e+00  0.00000000e+00  1.53641506e-02  3.30000000e+00
 1.01376976e-05  3.30000000e+00  0.00000000e+00  7.14048435e-03  3.30000000e+00
 1.01382470e-05  3.30000000e+00  0.00000000e+00  1.23002767e-03  3.30000000e+00
 1.01388178e-05  3.30000000e+00  0.00000000e+00 -3.38515958e-03  3.30000000e+00
 1.01393612e-05  3.30000000e+00  0.00000000e+00 -6.64312959e-03  3.30000000e+00
 1.01400540e-05  3.30000000e+00  0.00000000e+00 -9.59952647e-03  3.30000000e+00
 1.01408467e-05  3.30000000e+00  0.00000000e+00 -1.18004289e-02  3.30000000e+00
 1.01418051e-05  3.30000000e+00  0.00000000e+00 -1.33794773e-02  3.30000000e+00
 1.01428729e-05  3.30000000e+00  0.00000000e+00 -1.43185965e-02  3.30000000e+00
 1.01441799e-05  3.30000000e+00  0.00000000e+00 -1.48626269e-02  3.30000000e+00
 1.01457523e-05  3.30000000e+00  0.00000000e+00 -1.51022338e-02  3.30000000e+00
 1.01478496e-05  3.30000000e+00  0.00000000e+00 -1.51477241e-02  3.30000000e+00
 1.01506243e-05  3.30000000e+00  0.00000000e+00 -1.50666747e-02  3.30000000e+00
 1.01547200e-05  3.30000000e+00  0.00000000e+00 -1.49222750e-02  3.30000000e+00
 1.01611524e-05  3.30000000e+00  0.00000000e+00 -1.47668578e-02  3.30000000e+00
 1.01740171e-05  3.30000000e+00  0.00000000e+00 -1.46342973e-02  3.30000000e+00
 1.01997467e-05  3.30000000e+00  0.00000000e+00 -1.45906672e-02  3.30000000e+00
 1.02246619e-05  3.30000000e+00  0.00000000e+00 -1.45958294e-02  3.30000000e+00
 1.02379670e-05  3.30000000e+00  0.00000000e+00 -1.45956444e-02  3.30000000e+00
 1.02458478e-05  3.30000000e+00  0.00000000e+00 -1.45956220e-02  3.30000000e+00
 1.02486234e-05  3.30000000e+00  0.00000000e+00 -1.45956195e-02  3.30000000e+00
 1.02497929e-05  3.30000000e+00  0.00000000e+00 -1.45956171e-02  1.80495575e+00
 1.02505694e-05  3.30000000e+00  0.00000000e+00 -1.45956152e-02  5.24157048e-01
 1.02507451e-05  3.30000000e+00  0.00000000e+00 -1.45956212e-02  4.08160491e-01
 1.02509371e-05  3.30000000e+00  0.00000000e+00 -1.45956090e-02  3.10410356e-01
 1.02511528e-05  3.30000000e+00  0.00000000e+00 -1.45956236e-02  2.28152408e-01
 1.02514127e-05  3.30000000e+00  0.00000000e+00 -1.45956075e-02  1.57219125e-01
 1.02517011e-05  3.30000000e+00  0.00000000e+00 -1.45956234e-02  1.03879180e-01
 1.02519730e-05  3.30000000e+00  0.00000000e+00 -1.45956070e-02  7.03411176e-02
 1.02522454e-05  3.30000000e+00  0.00000000e+00 -1.45956226e-02  4.75886775e-02
 1.02525110e-05  3.30000000e+00  0.00000000e+00 -1.45956072e-02  3.25187897e-02
 1.02527834e-05  3.30000000e+00  0.00000000e+00 -1.45956215e-02  2.20013623e-02
 1.02530519e-05  3.30000000e+00  0.00000000e+00 -1.45956075e-02  1.49704478e-02
 1.02533240e-05  3.30000000e+00  0.00000000e+00 -1.45956203e-02  1.01319286e-02
 1.02535928e-05  3.30000000e+00  0.00000000e+00 -1.45956079e-02  6.89150458e-03
 1.02538642e-05  3.30000000e+00  0.00000000e+00 -1.45956190e-02  4.66916355e-03
 1.02541334e-05  3.30000000e+00  0.00000000e+00 -1.45956083e-02  3.17389630e-03
 1.02544045e-05  3.30000000e+00  0.00000000e+00 -1.45956179e-02  2.15134563e-03
 1.02546741e-05  3.30000000e+00  0.00000000e+00 -1.45956086e-02  1.46171084e-03
 1.02549449e-05  3.30000000e+00  0.00000000e+00 -1.45956168e-02  9.91163589e-04
 1.02552146e-05  3.30000000e+00  0.00000000e+00 -1.45956089e-02  6.73232599e-04
 1.02554865e-05  3.30000000e+00  0.00000000e+00 -1.45956159e-02  4.55822332e-04
 1.02558147e-05  3.30000000e+00  0.00000000e+00 -1.45956091e-02  2.83897553e-04
 1.02561783e-05  3.30000000e+00  0.00000000e+00 -1.45956150e-02  1.67615903e-04
 1.02566180e-05  3.30000000e+00  0.00000000e+00 -1.45956089e-02  8.80078567e-05
 1.02571204e-05  3.30000000e+00  0.00000000e+00 -1.45956142e-02  4.18173358e-05
 1.02577523e-05  3.30000000e+00  0.00000000e+00 -1.45956085e-02  1.59613488e-05
 1.02585287e-05  3.30000000e+00  0.00000000e+00 -1.45956133e-02  4.63531133e-06
 1.02595885e-05  3.30000000e+00  0.00000000e+00 -1.45956077e-02  6.60305577e-07
 1.02610663e-05  3.30000000e+00  0.00000000e+00 -1.45956120e-02 -1.50238230e-08
 1.02634841e-05  3.30000000e+00  0.00000000e+00 -1.45956063e-02  3.94590659e-09
 1.02680522e-05  3.30000000e+00  0.00000000e+00 -1.45956100e-02 -2.08256220e-09
 1.02771885e-05  3.30000000e+00  0.00000000e+00 -1.45956040e-02  1.52502600e-09
 1.02954610e-05  3.30000000e+00  0.00000000e+00 -1.45956081e-02 -1.30624595e-09
 1.03320059e-05  3.30000000e+00  0.00000000e+00 -1.45956032e-02  1.20906356e-09
 1.03820059e-05  3.30000000e+00  0.00000000e+00 -1.45956080e-02 -1.14265275e-09
 1.04320059e-05  3.30000000e+00  0.00000000e+00 -1.45956032e-02  1.07988972e-09
 1.04820059e-05  3.30000000e+00  0.00000000e+00 -1.45956080e-02 -1.02057411e-09
 1.05320059e-05  3.30000000e+00  0.00000000e+00 -1.45956032e-02  9.64516549e-10
 1.05820059e-05  3.30000000e+00  0.00000000e+00 -1.45956080e-02 -9.11538090e-10
 1.06320059e-05  3.30000000e+00  0.00000000e+00 -1.45956032e-02  8.61469604e-10
 1.06820059e-05  3.30000000e+00  0.00000000e+00 -1.45956080e-02 -8.14151254e-10
 1.07320059e-05  3.30000000e+00  0.00000000e+00 -1.45956032e-02  7.69431981e-10
 1.07820059e-05  3.30000000e+00  0.00000000e+00 -1.45956080e-02 -7.27169025e-10
 1.08320059e-05  3.30000000e+00  0.00000000e+00 -1.45956032e-02  6.87227467e-10
 1.08820059e-05  3.30000000e+00  0.00000000e+00 -1.45956080e-02 -6.49479797e-10
 1.09320059e-05  3.30000000e+00  0.00000000e+00 -1.45956032e-02  6.13805512e-10
 1.09820059e-05  3.30000000e+00  0.00000000e+00 -1.45956080e-02 -5.80090725e-10
 1.10320059e-05  3.30000000e+00  0.00000000e+00 -1.45956032e-02  5.48227806e-10
 1.10820059e-05  3.30000000e+00  0.00000000e+00 -1.45956080e-02 -5.18115037e-10
 1.11320059e-05  3.30000000e+00  0.00000000e+00 -1.45956032e-02  4.89656286e-10
 1.11820059e-05  3.30000000e+00  0.00000000e+00 -1.45956080e-02 -4.62760703e-10
 1.12320059e-05  3.30000000e+00  0.00000000e+00 -1.45956032e-02  4.37342426e-10
 1.12820059e-05  3.30000000e+00  0.00000000e+00 -1.45956080e-02 -4.13320311e-10
 1.13320059e-05  3.30000000e+00  0.00000000e+00 -1.45956032e-02  3.90617669e-10
 1.13820059e-05  3.30000000e+00  0.00000000e+00 -1.45956080e-02 -3.69162027e-10
 1.14320059e-05  3.30000000e+00  0.00000000e+00 -1.45956032e-02  3.48884889e-10
 1.14820059e-05  3.30000000e+00  0.00000000e+00 -1.45956080e-02 -3.29721523e-10
 1.15320059e-05  3.30000000e+00  0.00000000e+00 -1.45956032e-02  3.11610752e-10
 1.15820059e-05  3.30000000e+00  0.00000000e+00 -1.45956080e-02 -2.94494760e-10
 1.16320059e-05  3.30000000e+00  0.00000000e+00 -1.45956032e-02  2.78318907e-10
 1.16820059e-05  3.30000000e+00  0.00000000e+00 -1.45956080e-02 -2.63031552e-10
 1.17320059e-05  3.30000000e+00  0.00000000e+00 -1.45956032e-02  2.48583893e-10
 1.17820059e-05  3.30000000e+00  0.00000000e+00 -1.45956079e-02 -2.34929807e-10
 1.18320059e-05  3.30000000e+00  0.00000000e+00 -1.45956032e-02  2.22025706e-10
 1.18820059e-05  3.30000000e+00  0.00000000e+00 -1.45956079e-02 -2.09830395e-10
 1.19320059e-05  3.30000000e+00  0.00000000e+00 -1.45956032e-02  1.98304941e-10
 1.19820059e-05  3.30000000e+00  0.00000000e+00 -1.45956079e-02 -1.87412551e-10
 1.20320059e-05  3.30000000e+00  0.00000000e+00 -1.45956032e-02  1.77118453e-10
 1.20820059e-05  3.30000000e+00  0.00000000e+00 -1.45956079e-02 -1.67389784e-10
 1.21320059e-05  3.30000000e+00  0.00000000e+00 -1.45956032e-02  1.58195485e-10
 1.21820059e-05  3.30000000e+00  0.00000000e+00 -1.45956079e-02 -1.49506207e-10
 1.22320059e-05  3.30000000e+00  0.00000000e+00 -1.45956032e-02  1.41294208e-10
 1.22820059e-05  3.30000000e+00  0.00000000e+00 -1.45956079e-02 -1.33533274e-10
 1.23320059e-05  3.30000000e+00  0.00000000e+00 -1.45956032e-02  1.26198629e-10
 1.23820059e-05  3.30000000e+00  0.00000000e+00 -1.45956079e-02 -1.19266857e-10
 1.24320059e-05  3.30000000e+00  0.00000000e+00 -1.45956032e-02  1.12715829e-10
 1.24820059e-05  3.30000000e+00  0.00000000e+00 -1.45956079e-02 -1.06524633e-10
 1.25320059e-05  3.30000000e+00  0.00000000e+00 -1.45956032e-02  1.00673504e-10
 1.25820059e-05  3.30000000e+00  0.00000000e+00 -1.45956079e-02 -9.51437629e-11
 1.26320059e-05  3.30000000e+00  0.00000000e+00 -1.45956032e-02  8.99177562e-11
 1.26820059e-05  3.30000000e+00  0.00000000e+00 -1.45956079e-02 -8.49788009e-11
 1.27320059e-05  3.30000000e+00  0.00000000e+00 -1.45956032e-02  8.03111299e-11
 1.27820059e-05  3.30000000e+00  0.00000000e+00 -1.45956079e-02 -7.58998423e-11
 1.28320059e-05  3.30000000e+00  0.00000000e+00 -1.45956032e-02  7.17308556e-11
 1.28820059e-05  3.30000000e+00  0.00000000e+00 -1.45956079e-02 -6.77908609e-11
 1.29320059e-05  3.30000000e+00  0.00000000e+00 -1.45956032e-02  6.40672800e-11
 1.29820059e-05  3.30000000e+00  0.00000000e+00 -1.45956079e-02 -6.05482261e-11
 1.30320059e-05  3.30000000e+00  0.00000000e+00 -1.45956032e-02  5.72224649e-11
 1.30820059e-05  3.30000000e+00  0.00000000e+00 -1.45956079e-02 -5.40793794e-11
 1.31320059e-05  3.30000000e+00  0.00000000e+00 -1.45956032e-02  5.11089356e-11
 1.31820059e-05  3.30000000e+00  0.00000000e+00 -1.45956079e-02 -4.83016508e-11
 1.32320059e-05  3.30000000e+00  0.00000000e+00 -1.45956032e-02  4.56485631e-11
 1.32820059e-05  3.30000000e+00  0.00000000e+00 -1.45956079e-02 -4.31412028e-11
 1.33320059e-05  3.30000000e+00  0.00000000e+00 -1.45956032e-02  4.07715655e-11
 1.33820059e-05  3.30000000e+00  0.00000000e+00 -1.45956079e-02 -3.85320863e-11
 1.34320059e-05  3.30000000e+00  0.00000000e+00 -1.45956032e-02  3.64156161e-11
 1.34820059e-05  3.30000000e+00  0.00000000e+00 -1.45956079e-02 -3.44153983e-11
 1.35320059e-05  3.30000000e+00  0.00000000e+00 -1.45956032e-02  3.25250473e-11
 1.35820059e-05  3.30000000e+00  0.00000000e+00 -1.45956079e-02 -3.07385286e-11
 1.36320059e-05  3.30000000e+00  0.00000000e+00 -1.45956033e-02  2.90501388e-11
 1.36820059e-05  3.30000000e+00  0.00000000e+00 -1.45956079e-02 -2.74544881e-11
 1.37320059e-05  3.30000000e+00  0.00000000e+00 -1.45956033e-02  2.59464823e-11
 1.37820059e-05  3.30000000e+00  0.00000000e+00 -1.45956079e-02 -2.45213076e-11
 1.38320059e-05  3.30000000e+00  0.00000000e+00 -1.45956033e-02  2.31744141e-11
 1.38820059e-05  3.30000000e+00  0.00000000e+00 -1.45956079e-02 -2.19015020e-11
 1.39320059e-05  3.30000000e+00  0.00000000e+00 -1.45956033e-02  2.06985078e-11
 1.39820059e-05  3.30000000e+00  0.00000000e+00 -1.45956079e-02 -1.95615910e-11
 1.40320059e-05  3.30000000e+00  0.00000000e+00 -1.45956033e-02  1.84871222e-11
 1.40820059e-05  3.30000000e+00  0.00000000e+00 -1.45956079e-02 -1.74716713e-11
 1.41320059e-05  3.30000000e+00  0.00000000e+00 -1.45956033e-02  1.65119965e-11
 1.41820059e-05  3.30000000e+00  0.00000000e+00 -1.45956079e-02 -1.56050342e-11
 1.42320059e-05  3.30000000e+00  0.00000000e+00 -1.45956033e-02  1.47478891e-11
 1.42820059e-05  3.30000000e+00  0.00000000e+00 -1.45956079e-02 -1.39378248e-11
 1.43320059e-05  3.30000000e+00  0.00000000e+00 -1.45956033e-02  1.31722553e-11
 1.43820059e-05  3.30000000e+00  0.00000000e+00 -1.45956079e-02 -1.24487365e-11
 1.44320059e-05  3.30000000e+00  0.00000000e+00 -1.45956033e-02  1.17649589e-11
 1.44820059e-05  3.30000000e+00  0.00000000e+00 -1.45956079e-02 -1.11187394e-11
 1.45320059e-05  3.30000000e+00  0.00000000e+00 -1.45956033e-02  1.05080151e-11
 1.45820059e-05  3.30000000e+00  0.00000000e+00 -1.45956079e-02 -9.93083637e-12
 1.46320059e-05  3.30000000e+00  0.00000000e+00 -1.45956033e-02  9.38536060e-12
 1.46820059e-05  3.30000000e+00  0.00000000e+00 -1.45956079e-02 -8.86984644e-12
 1.47320059e-05  3.30000000e+00  0.00000000e+00 -1.45956033e-02  8.38264817e-12
 1.47820059e-05  3.30000000e+00  0.00000000e+00 -1.45956079e-02 -7.92221047e-12
 1.48320059e-05  3.30000000e+00  0.00000000e+00 -1.45956033e-02  7.48706345e-12
 1.48820059e-05  3.30000000e+00  0.00000000e+00 -1.45956079e-02 -7.07581796e-12
 1.49320059e-05  3.30000000e+00  0.00000000e+00 -1.45956033e-02  6.68716115e-12
 1.49820059e-05  3.30000000e+00  0.00000000e+00 -1.45956079e-02 -6.31985227e-12
 1.50320059e-05  3.30000000e+00  0.00000000e+00 -1.45956033e-02  5.97271874e-12
 1.50820059e-05  3.30000000e+00  0.00000000e+00 -1.45956079e-02 -5.64465238e-12
 1.51320059e-05  3.30000000e+00  0.00000000e+00 -1.45956033e-02  5.33460588e-12
 1.51820059e-05  3.30000000e+00  0.00000000e+00 -1.45956079e-02 -5.04158945e-12
 1.52320059e-05  3.30000000e+00  0.00000000e+00 -1.45956033e-02  4.76466767e-12
 1.52820059e-05  3.30000000e+00  0.00000000e+00 -1.45956079e-02 -4.50295650e-12
 1.53320059e-05  3.30000000e+00  0.00000000e+00 -1.45956033e-02  4.25562047e-12
 1.53820059e-05  3.30000000e+00  0.00000000e+00 -1.45956079e-02 -4.02186998e-12
 1.54320059e-05  3.30000000e+00  0.00000000e+00 -1.45956033e-02  3.80095882e-12
 1.54820059e-05  3.30000000e+00  0.00000000e+00 -1.45956079e-02 -3.59218175e-12
 1.55320059e-05  3.30000000e+00  0.00000000e+00 -1.45956033e-02  3.39487228e-12
 1.55820059e-05  3.30000000e+00  0.00000000e+00 -1.45956079e-02 -3.20840051e-12
 1.56320059e-05  3.30000000e+00  0.00000000e+00 -1.45956033e-02  3.03217117e-12
 1.56820059e-05  3.30000000e+00  0.00000000e+00 -1.45956079e-02 -2.86562167e-12
 1.57320059e-05  3.30000000e+00  0.00000000e+00 -1.45956033e-02  2.70822030e-12
 1.57820059e-05  3.30000000e+00  0.00000000e+00 -1.45956079e-02 -2.55946460e-12
 1.58320059e-05  3.30000000e+00  0.00000000e+00 -1.45956033e-02  2.41887967e-12
 1.58820059e-05  3.30000000e+00  0.00000000e+00 -1.45956079e-02 -2.28601672e-12
 1.59320059e-05  3.30000000e+00  0.00000000e+00 -1.45956033e-02  2.16045159e-12
 1.59820059e-05  3.30000000e+00  0.00000000e+00 -1.45956079e-02 -2.04178344e-12
 1.60320059e-05  3.30000000e+00  0.00000000e+00 -1.45956033e-02  1.92963343e-12
 1.60820059e-05  3.30000000e+00  0.00000000e+00 -1.45956079e-02 -1.82364354e-12
 1.61320059e-05  3.30000000e+00  0.00000000e+00 -1.45956033e-02  1.72347541e-12
 1.61820059e-05  3.30000000e+00  0.00000000e+00 -1.45956079e-02 -1.62880925e-12
 1.62320059e-05  3.30000000e+00  0.00000000e+00 -1.45956033e-02  1.53934287e-12
 1.62820059e-05  3.30000000e+00  0.00000000e+00 -1.45956079e-02 -1.45479066e-12
 1.63320059e-05  3.30000000e+00  0.00000000e+00 -1.45956033e-02  1.37488268e-12
 1.63820059e-05  3.30000000e+00  0.00000000e+00 -1.45956078e-02 -1.29936384e-12
 1.64320059e-05  3.30000000e+00  0.00000000e+00 -1.45956033e-02  1.22799307e-12
 1.64820059e-05  3.30000000e+00  0.00000000e+00 -1.45956078e-02 -1.16054251e-12
 1.65320059e-05  3.30000000e+00  0.00000000e+00 -1.45956033e-02  1.09679684e-12
 1.65820059e-05  3.30000000e+00  0.00000000e+00 -1.45956078e-02 -1.03655256e-12
 1.66320059e-05  3.30000000e+00  0.00000000e+00 -1.45956033e-02  9.79617345e-13
 1.66820059e-05  3.30000000e+00  0.00000000e+00 -1.45956078e-02 -9.25809437e-13
 1.67320059e-05  3.30000000e+00  0.00000000e+00 -1.45956033e-02  8.74957062e-13
 1.67820059e-05  3.30000000e+00  0.00000000e+00 -1.45956078e-02 -8.26897880e-13
 1.68320059e-05  3.30000000e+00  0.00000000e+00 -1.45956033e-02  7.81478467e-13
 1.68820059e-05  3.30000000e+00  0.00000000e+00 -1.45956078e-02 -7.38553828e-13
 1.69320059e-05  3.30000000e+00  0.00000000e+00 -1.45956033e-02  6.97986931e-13
 1.69820059e-05  3.30000000e+00  0.00000000e+00 -1.45956078e-02 -6.59648272e-13
 1.70320059e-05  3.30000000e+00  0.00000000e+00 -1.45956033e-02  6.23415458e-13
 1.70820059e-05  3.30000000e+00  0.00000000e+00 -1.45956078e-02 -5.89172821e-13
 1.71320059e-05  3.30000000e+00  0.00000000e+00 -1.45956033e-02  5.56811045e-13
 1.71820059e-05  3.30000000e+00  0.00000000e+00 -1.45956078e-02 -5.26226820e-13
 1.72320059e-05  3.30000000e+00  0.00000000e+00 -1.45956033e-02  4.97322510e-13
 1.72820059e-05  3.30000000e+00  0.00000000e+00 -1.45956078e-02 -4.70005840e-13
 1.73320059e-05  3.30000000e+00  0.00000000e+00 -1.45956033e-02  4.44189606e-13
 1.73820059e-05  3.30000000e+00  0.00000000e+00 -1.45956078e-02 -4.19791392e-13
 1.74320059e-05  3.30000000e+00  0.00000000e+00 -1.45956033e-02  3.96733311e-13
 1.74820059e-05  3.30000000e+00  0.00000000e+00 -1.45956078e-02 -3.74941752e-13
 1.75320059e-05  3.30000000e+00  0.00000000e+00 -1.45956033e-02  3.54347148e-13
 1.75820059e-05  3.30000000e+00  0.00000000e+00 -1.45956078e-02 -3.34883754e-13
 1.76320059e-05  3.30000000e+00  0.00000000e+00 -1.45956033e-02  3.16489435e-13
 1.76820059e-05  3.30000000e+00  0.00000000e+00 -1.45956078e-02 -2.99105469e-13
 1.77320059e-05  3.30000000e+00  0.00000000e+00 -1.45956033e-02  2.82676361e-13
 1.77820059e-05  3.30000000e+00  0.00000000e+00 -1.45956078e-02 -2.67149662e-13
 1.78320059e-05  3.30000000e+00  0.00000000e+00 -1.45956033e-02  2.52475806e-13
 1.78820059e-05  3.30000000e+00  0.00000000e+00 -1.45956078e-02 -2.38607947e-13
 1.79320059e-05  3.30000000e+00  0.00000000e+00 -1.45956033e-02  2.25501815e-13
 1.79820059e-05  3.30000000e+00  0.00000000e+00 -1.45956078e-02 -2.13115570e-13
 1.80320059e-05  3.30000000e+00  0.00000000e+00 -1.45956033e-02  2.01409670e-13
 1.80820059e-05  3.30000000e+00  0.00000000e+00 -1.45956078e-02 -1.90346745e-13
 1.81320059e-05  3.30000000e+00  0.00000000e+00 -1.45956033e-02  1.79891479e-13
 1.81820059e-05  3.30000000e+00  0.00000000e+00 -1.45956078e-02 -1.70010494e-13
 1.82320059e-05  3.30000000e+00  0.00000000e+00 -1.45956033e-02  1.60672247e-13
 1.82820059e-05  3.30000000e+00  0.00000000e+00 -1.45956078e-02 -1.51846926e-13
 1.83320059e-05  3.30000000e+00  0.00000000e+00 -1.45956033e-02  1.43506358e-13
 1.83820059e-05  3.30000000e+00  0.00000000e+00 -1.45956078e-02 -1.35623916e-13
 1.84320059e-05  3.30000000e+00  0.00000000e+00 -1.45956034e-02  1.28174437e-13
 1.84820059e-05  3.30000000e+00  0.00000000e+00 -1.45956078e-02 -1.21134139e-13
 1.85320059e-05  3.30000000e+00  0.00000000e+00 -1.45956034e-02  1.14480546e-13
 1.85820059e-05  3.30000000e+00  0.00000000e+00 -1.45956078e-02 -1.08192419e-13
 1.86320059e-05  3.30000000e+00  0.00000000e+00 -1.45956034e-02  1.02249683e-13
 1.86820059e-05  3.30000000e+00  0.00000000e+00 -1.45956078e-02 -9.66333656e-14
 1.87320059e-05  3.30000000e+00  0.00000000e+00 -1.45956034e-02  9.13255389e-14
 1.87820059e-05  3.30000000e+00  0.00000000e+00 -1.45956078e-02 -8.63092576e-14
 1.88320059e-05  3.30000000e+00  0.00000000e+00 -1.45956034e-02  8.15685080e-14
 1.88820059e-05  3.30000000e+00  0.00000000e+00 -1.45956078e-02 -7.70881558e-14
 1.89320059e-05  3.30000000e+00  0.00000000e+00 -1.45956034e-02  7.28538980e-14
 1.89820059e-05  3.30000000e+00  0.00000000e+00 -1.45956078e-02 -6.88522174e-14
 1.90320059e-05  3.30000000e+00  0.00000000e+00 -1.45956034e-02  6.50703389e-14
 1.90820059e-05  3.30000000e+00  0.00000000e+00 -1.45956078e-02 -6.14961895e-14
 1.91320059e-05  3.30000000e+00  0.00000000e+00 -1.45956034e-02  5.81183591e-14
 1.91820059e-05  3.30000000e+00  0.00000000e+00 -1.45956078e-02 -5.49260644e-14
 1.92320059e-05  3.30000000e+00  0.00000000e+00 -1.45956034e-02  5.19091143e-14
 1.92820059e-05  3.30000000e+00  0.00000000e+00 -1.45956078e-02 -4.90578777e-14
 1.93320059e-05  3.30000000e+00  0.00000000e+00 -1.45956034e-02  4.63632524e-14
 1.93820059e-05  3.30000000e+00  0.00000000e+00 -1.45956078e-02 -4.38166360e-14
 1.94320059e-05  3.30000000e+00  0.00000000e+00 -1.45956034e-02  4.14098988e-14
 1.94820059e-05  3.30000000e+00  0.00000000e+00 -1.45956078e-02 -3.91353576e-14
 1.95320059e-05  3.30000000e+00  0.00000000e+00 -1.45956034e-02  3.69857512e-14
 1.95820059e-05  3.30000000e+00  0.00000000e+00 -1.45956078e-02 -3.49542173e-14
 1.96320059e-05  3.30000000e+00  0.00000000e+00 -1.45956034e-02  3.30342704e-14
 1.96820059e-05  3.30000000e+00  0.00000000e+00 -1.45956078e-02 -3.12197813e-14
 1.97320059e-05  3.30000000e+00  0.00000000e+00 -1.45956034e-02  2.95049576e-14
 1.97820059e-05  3.30000000e+00  0.00000000e+00 -1.45956078e-02 -2.78843248e-14
 1.98320059e-05  3.30000000e+00  0.00000000e+00 -1.45956034e-02  2.63527092e-14
 1.98820059e-05  3.30000000e+00  0.00000000e+00 -1.45956078e-02 -2.49052214e-14
 1.99320059e-05  3.30000000e+00  0.00000000e+00 -1.45956034e-02  2.35372405e-14
 1.99820059e-05  3.30000000e+00  0.00000000e+00 -1.45956078e-02 -2.22443993e-14
 2.00320059e-05  3.30000000e+00  0.00000000e+00 -1.45956034e-02  2.10225706e-14
 2.00820059e-05  3.30000000e+00  0.00000000e+00 -1.45956078e-02 -1.98678539e-14
 2.01320059e-05  3.30000000e+00  0.00000000e+00 -1.45956034e-02  1.87765628e-14
 2.01820059e-05  3.30000000e+00  0.00000000e+00 -1.45956078e-02 -1.77452137e-14
 2.02320059e-05  3.30000000e+00  0.00000000e+00 -1.45956034e-02  1.67705139e-14
 2.02820059e-05  3.30000000e+00  0.00000000e+00 -1.45956078e-02 -1.58493519e-14
 2.03320059e-05  3.30000000e+00  0.00000000e+00 -1.45956034e-02  1.49787870e-14
 2.03820059e-05  3.30000000e+00  0.00000000e+00 -1.45956078e-02 -1.41560401e-14
 2.04320059e-05  3.30000000e+00  0.00000000e+00 -1.45956034e-02  1.33784845e-14
 2.04820059e-05  3.30000000e+00  0.00000000e+00 -1.45956078e-02 -1.26436381e-14
 2.05320059e-05  3.30000000e+00  0.00000000e+00 -1.45956034e-02  1.19491550e-14
 2.05820059e-05  3.30000000e+00  0.00000000e+00 -1.45956078e-02 -1.12928181e-14
 2.06320059e-05  3.30000000e+00  0.00000000e+00 -1.45956034e-02  1.06725321e-14
 2.06820059e-05  3.30000000e+00  0.00000000e+00 -1.45956078e-02 -1.00863169e-14
 2.07320059e-05  3.30000000e+00  0.00000000e+00 -1.45956034e-02  9.53230096e-15
 2.07820059e-05  3.30000000e+00  0.00000000e+00 -1.45956078e-02 -9.00871574e-15
 2.08320059e-05  3.30000000e+00  0.00000000e+00 -1.45956034e-02  8.51388973e-15
 2.08820059e-05  3.30000000e+00  0.00000000e+00 -1.45956078e-02 -8.04624326e-15
 2.09320059e-05  3.30000000e+00  0.00000000e+00 -1.45956034e-02  7.60428344e-15
 2.09820059e-05  3.30000000e+00  0.00000000e+00 -1.45956078e-02 -7.18659935e-15
 2.10320059e-05  3.30000000e+00  0.00000000e+00 -1.45956034e-02  6.79185759e-15
 2.10820059e-05  3.30000000e+00  0.00000000e+00 -1.45956077e-02 -6.41879800e-15
 2.11320059e-05  3.30000000e+00  0.00000000e+00 -1.45956034e-02  6.06622963e-15
 2.11820059e-05  3.30000000e+00  0.00000000e+00 -1.45956077e-02 -5.73302696e-15
 2.12320059e-05  3.30000000e+00  0.00000000e+00 -1.45956034e-02  5.41812626e-15
 2.12820059e-05  3.30000000e+00  0.00000000e+00 -1.45956077e-02 -5.12052227e-15
 2.13320059e-05  3.30000000e+00  0.00000000e+00 -1.45956034e-02  4.83926491e-15
 2.13820059e-05  3.30000000e+00  0.00000000e+00 -1.45956077e-02 -4.57345630e-15
 2.14320059e-05  3.30000000e+00  0.00000000e+00 -1.45956034e-02  4.32224790e-15
 2.14820059e-05  3.30000000e+00  0.00000000e+00 -1.45956077e-02 -4.08483773e-15
 2.15320059e-05  3.30000000e+00  0.00000000e+00 -1.45956034e-02  3.86046791e-15
 2.15820059e-05  3.30000000e+00  0.00000000e+00 -1.45956077e-02 -3.64842216e-15
 2.16320059e-05  3.30000000e+00  0.00000000e+00 -1.45956034e-02  3.44802354e-15
 2.16820059e-05  3.30000000e+00  0.00000000e+00 -1.45956077e-02 -3.25863231e-15
 2.17320059e-05  3.30000000e+00  0.00000000e+00 -1.45956034e-02  3.07964387e-15
 2.17820059e-05  3.30000000e+00  0.00000000e+00 -1.45956077e-02 -2.91048680e-15
 2.18320059e-05  3.30000000e+00  0.00000000e+00 -1.45956034e-02  2.75062111e-15
 2.18820059e-05  3.30000000e+00  0.00000000e+00 -1.45956077e-02 -2.59953644e-15
 2.19320059e-05  3.30000000e+00  0.00000000e+00 -1.45956034e-02  2.45675047e-15
 2.19820059e-05  3.30000000e+00  0.00000000e+00 -1.45956077e-02 -2.32180737e-15
 2.20320059e-05  3.30000000e+00  0.00000000e+00 -1.45956034e-02  2.19427635e-15
 2.20820059e-05  3.30000000e+00  0.00000000e+00 -1.45956077e-02 -2.07375029e-15
 2.21320059e-05  3.30000000e+00  0.00000000e+00 -1.45956034e-02  1.95984442e-15
 2.21820059e-05  3.30000000e+00  0.00000000e+00 -1.45956077e-02 -1.85219512e-15
 2.22320059e-05  3.30000000e+00  0.00000000e+00 -1.45956034e-02  1.75045872e-15
 2.22820059e-05  3.30000000e+00  0.00000000e+00 -1.45956077e-02 -1.65431044e-15
 2.23320059e-05  3.30000000e+00  0.00000000e+00 -1.45956034e-02  1.56344334e-15
 2.23820059e-05  3.30000000e+00  0.00000000e+00 -1.45956077e-02 -1.47756735e-15
 2.24320059e-05  3.30000000e+00  0.00000000e+00 -1.45956034e-02  1.39640830e-15
 2.24820059e-05  3.30000000e+00  0.00000000e+00 -1.45956077e-02 -1.31970712e-15
 2.25320059e-05  3.30000000e+00  0.00000000e+00 -1.45956034e-02  1.24721894e-15
 2.25820059e-05  3.30000000e+00  0.00000000e+00 -1.45956077e-02 -1.17871235e-15
 2.26320059e-05  3.30000000e+00  0.00000000e+00 -1.45956034e-02  1.11396866e-15
 2.26820059e-05  3.30000000e+00  0.00000000e+00 -1.45956077e-02 -1.05278118e-15
 2.27320059e-05  3.30000000e+00  0.00000000e+00 -1.45956034e-02  9.94954563e-16
 2.27820059e-05  3.30000000e+00  0.00000000e+00 -1.45956077e-02 -9.40304221e-16
 2.28320059e-05  3.30000000e+00  0.00000000e+00 -1.45956034e-02  8.88655685e-16
 2.28820059e-05  3.30000000e+00  0.00000000e+00 -1.45956077e-02 -8.39844072e-16
 2.29320059e-05  3.30000000e+00  0.00000000e+00 -1.45956034e-02  7.93713557e-16
 2.29820059e-05  3.30000000e+00  0.00000000e+00 -1.45956077e-02 -7.50116876e-16
 2.30320059e-05  3.30000000e+00  0.00000000e+00 -1.45956034e-02  7.08914850e-16
 2.30820059e-05  3.30000000e+00  0.00000000e+00 -1.45956077e-02 -6.69975947e-16
 2.31320059e-05  3.30000000e+00  0.00000000e+00 -1.45956034e-02  6.33175860e-16
 2.31820059e-05  3.30000000e+00  0.00000000e+00 -1.45956077e-02 -5.98397108e-16
 2.32320059e-05  3.30000000e+00  0.00000000e+00 -1.45956034e-02  5.65528666e-16
 2.32820059e-05  3.30000000e+00  0.00000000e+00 -1.45956077e-02 -5.34465604e-16
 2.33320059e-05  3.30000000e+00  0.00000000e+00 -1.45956034e-02  5.05108758e-16
 2.33820059e-05  3.30000000e+00  0.00000000e+00 -1.45956077e-02 -4.77364409e-16
 2.34320059e-05  3.30000000e+00  0.00000000e+00 -1.45956034e-02  4.51143988e-16
 2.34820059e-05  3.30000000e+00  0.00000000e+00 -1.45956077e-02 -4.26363788e-16
 2.35320059e-05  3.30000000e+00  0.00000000e+00 -1.45956035e-02  4.02944701e-16
 2.35820059e-05  3.30000000e+00  0.00000000e+00 -1.45956077e-02 -3.80811966e-16
 2.36320059e-05  3.30000000e+00  0.00000000e+00 -1.45956035e-02  3.59894926e-16
 2.36820059e-05  3.30000000e+00  0.00000000e+00 -1.45956077e-02 -3.40126807e-16
 2.37320059e-05  3.30000000e+00  0.00000000e+00 -1.45956035e-02  3.21444500e-16
 2.37820059e-05  3.30000000e+00  0.00000000e+00 -1.45956077e-02 -3.03788365e-16
 2.38320059e-05  3.30000000e+00  0.00000000e+00 -1.45956035e-02  2.87102037e-16
 2.38820059e-05  3.30000000e+00  0.00000000e+00 -1.45956077e-02 -2.71332247e-16
 2.39320059e-05  3.30000000e+00  0.00000000e+00 -1.45956035e-02  2.56428652e-16
 2.39820059e-05  3.30000000e+00  0.00000000e+00 -1.45956077e-02 -2.42343674e-16
 2.40320059e-05  3.30000000e+00  0.00000000e+00 -1.45956035e-02  2.29032348e-16
 2.40820059e-05  3.30000000e+00  0.00000000e+00 -1.45956077e-02 -2.16452179e-16
 2.41320059e-05  3.30000000e+00  0.00000000e+00 -1.45956035e-02  2.04563007e-16
 2.41820059e-05  3.30000000e+00  0.00000000e+00 -1.45956077e-02 -1.93326878e-16
 2.42320059e-05  3.30000000e+00  0.00000000e+00 -1.45956035e-02  1.82707921e-16
 2.42820059e-05  3.30000000e+00  0.00000000e+00 -1.45956077e-02 -1.72672236e-16
 2.43320059e-05  3.30000000e+00  0.00000000e+00 -1.45956035e-02  1.63187786e-16
 2.43820059e-05  3.30000000e+00  0.00000000e+00 -1.45956077e-02 -1.54224293e-16
 2.44320059e-05  3.30000000e+00  0.00000000e+00 -1.45956035e-02  1.45753142e-16
 2.44820059e-05  3.30000000e+00  0.00000000e+00 -1.45956077e-02 -1.37747290e-16
 2.45320059e-05  3.30000000e+00  0.00000000e+00 -1.45956035e-02  1.30181179e-16
 2.45820059e-05  3.30000000e+00  0.00000000e+00 -1.45956077e-02 -1.23030655e-16
 2.46320059e-05  3.30000000e+00  0.00000000e+00 -1.45956035e-02  1.16272892e-16
 2.46820059e-05  3.30000000e+00  0.00000000e+00 -1.45956077e-02 -1.09886316e-16
 2.47320059e-05  3.30000000e+00  0.00000000e+00 -1.45956035e-02  1.03850538e-16
 2.47820059e-05  3.30000000e+00  0.00000000e+00 -1.45956077e-02 -9.81462901e-17
 2.48320059e-05  3.30000000e+00  0.00000000e+00 -1.45956035e-02  9.27553622e-17
 2.48820059e-05  3.30000000e+00  0.00000000e+00 -1.45956077e-02 -8.76605444e-17
 2.49320059e-05  3.30000000e+00  0.00000000e+00 -1.45956035e-02  8.28455720e-17
 2.49820059e-05  3.30000000e+00  0.00000000e+00 -1.45956077e-02 -7.82950739e-17
 2.50320059e-05  3.30000000e+00  0.00000000e+00 -1.45956035e-02  7.39945232e-17
 2.50820059e-05  3.30000000e+00  0.00000000e+00 -1.45956077e-02 -6.99301909e-17
 2.51320059e-05  3.30000000e+00  0.00000000e+00 -1.45956035e-02  6.60891020e-17
 2.51820059e-05  3.30000000e+00  0.00000000e+00 -1.45956077e-02 -6.24589945e-17
 2.52320059e-05  3.30000000e+00  0.00000000e+00 -1.45956035e-02  5.90282797e-17
 2.52820059e-05  3.30000000e+00  0.00000000e+00 -1.45956077e-02 -5.57860053e-17
 2.53320059e-05  3.30000000e+00  0.00000000e+00 -1.45956035e-02  5.27218209e-17
 2.53820059e-05  3.30000000e+00  0.00000000e+00 -1.45956077e-02 -4.98259444e-17
 2.54320059e-05  3.30000000e+00  0.00000000e+00 -1.45956035e-02  4.70891311e-17
 2.54820059e-05  3.30000000e+00  0.00000000e+00 -1.45956077e-02 -4.45026440e-17
 2.55320059e-05  3.30000000e+00  0.00000000e+00 -1.45956035e-02  4.20582261e-17
 2.55820059e-05  3.30000000e+00  0.00000000e+00 -1.45956077e-02 -3.97480739e-17
 2.56320059e-05  3.30000000e+00  0.00000000e+00 -1.45956035e-02  3.75648126e-17
 2.56820059e-05  3.30000000e+00  0.00000000e+00 -1.45956077e-02 -3.55014723e-17
 2.57320059e-05  3.30000000e+00  0.00000000e+00 -1.45956035e-02  3.35514661e-17
 2.57820059e-05  3.30000000e+00  0.00000000e+00 -1.45956077e-02 -3.17085687e-17
 2.58320059e-05  3.30000000e+00  0.00000000e+00 -1.45956035e-02  2.99668971e-17
 2.58820059e-05  3.30000000e+00  0.00000000e+00 -1.45956077e-02 -2.83208911e-17
 2.59320059e-05  3.30000000e+00  0.00000000e+00 -1.45956035e-02  2.67652961e-17
 2.59820059e-05  3.30000000e+00  0.00000000e+00 -1.45956076e-02 -2.52951460e-17
 2.60320059e-05  3.30000000e+00  0.00000000e+00 -1.45956035e-02  2.39057475e-17
 2.60820059e-05  3.30000000e+00  0.00000000e+00 -1.45956076e-02 -2.25926651e-17
 2.61320059e-05  3.30000000e+00  0.00000000e+00 -1.45956035e-02  2.13517071e-17
 2.61820059e-05  3.30000000e+00  0.00000000e+00 -1.45956076e-02 -2.01789117e-17
 2.62320059e-05  3.30000000e+00  0.00000000e+00 -1.45956035e-02  1.90705350e-17
 2.62820059e-05  3.30000000e+00  0.00000000e+00 -1.45956076e-02 -1.80230387e-17
 2.63320059e-05  3.30000000e+00  0.00000000e+00 -1.45956035e-02  1.70330787e-17
 2.63820059e-05  3.30000000e+00  0.00000000e+00 -1.45956076e-02 -1.60974947e-17
 2.64320059e-05  3.30000000e+00  0.00000000e+00 -1.45956035e-02  1.52132999e-17
 2.64820059e-05  3.30000000e+00  0.00000000e+00 -1.45956076e-02 -1.43776718e-17
 2.65320059e-05  3.30000000e+00  0.00000000e+00 -1.45956035e-02  1.35879426e-17
 2.65820059e-05  3.30000000e+00  0.00000000e+00 -1.45956076e-02 -1.28415912e-17
 2.66320059e-05  3.30000000e+00  0.00000000e+00 -1.45956035e-02  1.21362350e-17
 2.66820059e-05  3.30000000e+00  0.00000000e+00 -1.45956076e-02 -1.14696223e-17
 2.67320059e-05  3.30000000e+00  0.00000000e+00 -1.45956035e-02  1.08396249e-17
 2.67820059e-05  3.30000000e+00  0.00000000e+00 -1.45956076e-02 -1.02442317e-17
 2.68320059e-05  3.30000000e+00  0.00000000e+00 -1.45956035e-02  9.68154187e-18
 2.68820059e-05  3.30000000e+00  0.00000000e+00 -1.45956076e-02 -9.14975922e-18
 2.69320059e-05  3.30000000e+00  0.00000000e+00 -1.45956035e-02  8.64718605e-18
 2.69820059e-05  3.30000000e+00  0.00000000e+00 -1.45956076e-02 -8.17221795e-18
 2.70320059e-05  3.30000000e+00  0.00000000e+00 -1.45956035e-02  7.72333866e-18
 2.70820059e-05  3.30000000e+00  0.00000000e+00 -1.45956076e-02 -7.29911516e-18
 2.71320059e-05  3.30000000e+00  0.00000000e+00 -1.45956035e-02  6.89819320e-18
 2.71820059e-05  3.30000000e+00  0.00000000e+00 -1.45956076e-02 -6.51929286e-18
 2.72320059e-05  3.30000000e+00  0.00000000e+00 -1.45956035e-02  6.16120457e-18
 2.72820059e-05  3.30000000e+00  0.00000000e+00 -1.45956076e-02 -5.82278516e-18
 2.73320059e-05  3.30000000e+00  0.00000000e+00 -1.45956035e-02  5.50295427e-18
 2.73820059e-05  3.30000000e+00  0.00000000e+00 -1.45956076e-02 -5.20069089e-18
 2.74320059e-05  3.30000000e+00  0.00000000e+00 -1.45956035e-02  4.91503007e-18
 2.74820059e-05  3.30000000e+00  0.00000000e+00 -1.45956076e-02 -4.64505987e-18
 2.75320059e-05  3.30000000e+00  0.00000000e+00 -1.45956035e-02  4.38991846e-18
 2.75820059e-05  3.30000000e+00  0.00000000e+00 -1.45956076e-02 -4.14879133e-18
 2.76320059e-05  3.30000000e+00  0.00000000e+00 -1.45956035e-02  3.92090869e-18
 2.76820059e-05  3.30000000e+00  0.00000000e+00 -1.45956076e-02 -3.70554308e-18
 2.77320059e-05  3.30000000e+00  0.00000000e+00 -1.45956035e-02  3.50200695e-18
 2.77820059e-05  3.30000000e+00  0.00000000e+00 -1.45956076e-02 -3.30965055e-18
 2.78320059e-05  3.30000000e+00  0.00000000e+00 -1.45956035e-02  3.12785981e-18
 2.78820059e-05  3.30000000e+00  0.00000000e+00 -1.45956076e-02 -2.95605436e-18
 2.79320059e-05  3.30000000e+00  0.00000000e+00 -1.45956035e-02  2.79368576e-18
 2.79820059e-05  3.30000000e+00  0.00000000e+00 -1.45956076e-02 -2.64023566e-18
 2.80320059e-05  3.30000000e+00  0.00000000e+00 -1.45956035e-02  2.49521418e-18
 2.80820059e-05  3.30000000e+00  0.00000000e+00 -1.45956076e-02 -2.35815836e-18
 2.81320059e-05  3.30000000e+00  0.00000000e+00 -1.45956035e-02  2.22863068e-18
 2.81820059e-05  3.30000000e+00  0.00000000e+00 -1.45956076e-02 -2.10621762e-18
 2.82320059e-05  3.30000000e+00  0.00000000e+00 -1.45956035e-02  1.99052841e-18
 2.82820059e-05  3.30000000e+00  0.00000000e+00 -1.45956076e-02 -1.88119371e-18
 2.83320059e-05  3.30000000e+00  0.00000000e+00 -1.45956035e-02  1.77786449e-18
 2.83820059e-05  3.30000000e+00  0.00000000e+00 -1.45956076e-02 -1.68021088e-18
 2.84320059e-05  3.30000000e+00  0.00000000e+00 -1.45956035e-02  1.58792114e-18
 2.84820059e-05  3.30000000e+00  0.00000000e+00 -1.45956076e-02 -1.50070064e-18
 2.85320059e-05  3.30000000e+00  0.00000000e+00 -1.45956035e-02  1.41827094e-18
 2.85820059e-05  3.30000000e+00  0.00000000e+00 -1.45956076e-02 -1.34036890e-18
 2.86320059e-05  3.30000000e+00  0.00000000e+00 -1.45956035e-02  1.26674582e-18
 2.86820059e-05  3.30000000e+00  0.00000000e+00 -1.45956076e-02 -1.19716667e-18
 2.87320059e-05  3.30000000e+00  0.00000000e+00 -1.45956035e-02  1.13140933e-18
 2.87820059e-05  3.30000000e+00  0.00000000e+00 -1.45956076e-02 -1.06926387e-18
 2.88320059e-05  3.30000000e+00  0.00000000e+00 -1.45956036e-02  1.01053191e-18
 2.88820059e-05  3.30000000e+00  0.00000000e+00 -1.45956076e-02 -9.55025940e-19
 2.89320059e-05  3.30000000e+00  0.00000000e+00 -1.45956036e-02  9.02568777e-19
 2.89820059e-05  3.30000000e+00  0.00000000e+00 -1.45956076e-02 -8.52992953e-19
 2.90320059e-05  3.30000000e+00  0.00000000e+00 -1.45956036e-02  8.06140204e-19
 2.90820059e-05  3.30000000e+00  0.00000000e+00 -1.45956076e-02 -7.61860958e-19
 2.91320059e-05  3.30000000e+00  0.00000000e+00 -1.45956036e-02  7.20013859e-19
 2.91820059e-05  3.30000000e+00  0.00000000e+00 -1.45956076e-02 -6.80465316e-19
 2.92320059e-05  3.30000000e+00  0.00000000e+00 -1.45956036e-02  6.43089074e-19
 2.92820059e-05  3.30000000e+00  0.00000000e+00 -1.45956076e-02 -6.07765815e-19
 2.93320059e-05  3.30000000e+00  0.00000000e+00 -1.45956036e-02  5.74382773e-19
 2.93820059e-05  3.30000000e+00  0.00000000e+00 -1.45956076e-02 -5.42833378e-19
 2.94320059e-05  3.30000000e+00  0.00000000e+00 -1.45956036e-02  5.13016911e-19
 2.94820059e-05  3.30000000e+00  0.00000000e+00 -1.45956076e-02 -4.84838187e-19
 2.95320059e-05  3.30000000e+00  0.00000000e+00 -1.45956036e-02  4.58207250e-19
 2.95820059e-05  3.30000000e+00  0.00000000e+00 -1.45956076e-02 -4.33039082e-19
 2.96320059e-05  3.30000000e+00  0.00000000e+00 -1.45956036e-02  4.09253339e-19
 2.96820059e-05  3.30000000e+00  0.00000000e+00 -1.45956076e-02 -3.86774086e-19
 2.97320059e-05  3.30000000e+00  0.00000000e+00 -1.45956036e-02  3.65529562e-19
 2.97820059e-05  3.30000000e+00  0.00000000e+00 -1.45956076e-02 -3.45451946e-19
 2.98320059e-05  3.30000000e+00  0.00000000e+00 -1.45956036e-02  3.26477143e-19
 2.98820059e-05  3.30000000e+00  0.00000000e+00 -1.45956076e-02 -3.08544578e-19
 2.99320059e-05  3.30000000e+00  0.00000000e+00 -1.45956036e-02  2.91597004e-19
 2.99820059e-05  3.30000000e+00  0.00000000e+00 -1.45956076e-02 -2.75580316e-19
 3.00320059e-05  3.30000000e+00  0.00000000e+00 -1.45956036e-02  2.60443385e-19
 3.00820059e-05  3.30000000e+00  0.00000000e+00 -1.45956076e-02 -2.46137888e-19
 3.01000000e-05  3.30000000e+00  0.00000000e+00 -1.45956036e-02  2.10320370e-19
 3.01015906e-05  3.24750984e+00  0.00000000e+00 -1.45650728e-02  6.46533561e-20
 3.01047718e-05  3.14252951e+00  0.00000000e+00 -1.44054548e-02 -2.49039352e-20
 3.01111343e-05  2.93256885e+00  0.00000000e+00 -1.34442297e-02  1.58579799e-20
 3.01197447e-05  2.64842478e+00  0.00000000e+00 -1.10158475e-02 -1.13898030e-20
 3.01298379e-05  2.31534947e+00  0.00000000e+00 -7.01223298e-03  8.59418688e-21
 3.01410387e-05  1.94572132e+00  0.00000000e+00 -1.25318557e-03 -6.67000329e-21
 3.01558079e-05  1.45833891e+00  0.00000000e+00  9.02566307e-03  5.50595480e-21
 3.01712202e-05  9.49732766e-01  0.00000000e+00  2.47342731e-02 -4.58178835e-21
 3.01858768e-05  4.66065489e-01  0.00000000e+00  4.66100951e-02  3.77657271e-21
 3.01974228e-05  8.50479864e-02  0.00000000e+00  6.77492473e-02 -2.95354321e-21
 3.02000000e-05  0.00000000e+00  0.00000000e+00  7.26441261e-02  8.62736319e-22
 3.02012732e-05  0.00000000e+00  0.00000000e+00  7.50683208e-02  3.07747602e-22
 3.02038195e-05  0.00000000e+00  0.00000000e+00  7.99360967e-02 -8.81936444e-23
 3.02089121e-05  0.00000000e+00  0.00000000e+00  8.97707294e-02  4.99050031e-23
 3.02169149e-05  0.00000000e+00  0.00000000e+00  1.05437388e-01 -3.49360383e-23
 3.02234463e-05  0.00000000e+00  0.00000000e+00  1.18365883e-01  2.25160776e-23
 3.02298055e-05  0.00000000e+00  0.00000000e+00  1.31034133e-01 -1.43340346e-23
 3.02362481e-05  0.00000000e+00  0.00000000e+00  1.43919844e-01  9.18059518e-24
 3.02427642e-05  0.00000000e+00  0.00000000e+00  1.56980546e-01 -5.91049014e-24
 3.02501522e-05  0.00000000e+00  0.00000000e+00  1.71800437e-01  4.01380170e-24
 3.02580731e-05  0.00000000e+00  0.00000000e+00  1.87681431e-01 -2.79930850e-24
 3.02661386e-05  0.00000000e+00  0.00000000e+00  2.03827393e-01  1.96522326e-24
 3.02744033e-05  0.00000000e+00  0.00000000e+00  2.20334096e-01 -1.39171422e-24
 3.02831614e-05  0.00000000e+00  0.00000000e+00  2.37775914e-01  1.00527680e-24
 3.02928721e-05  0.00000000e+00  0.00000000e+00  2.57047474e-01 -7.50046290e-25
 3.03037627e-05  0.00000000e+00  0.00000000e+00  2.78571694e-01  5.77881605e-25
 3.03163289e-05  0.00000000e+00  0.00000000e+00  3.03286175e-01 -4.61134887e-25
 3.03313843e-05  0.00000000e+00  0.00000000e+00  3.32722894e-01  3.82056824e-25
 3.03499809e-05  0.00000000e+00  0.00000000e+00  3.68820495e-01 -3.28134737e-25
 3.03746012e-05  0.00000000e+00  0.00000000e+00  4.16165473e-01  2.92539283e-25
 3.04077513e-05  0.00000000e+00  0.00000000e+00  4.79118886e-01 -2.68637083e-25
 3.04577513e-05  0.00000000e+00  0.00000000e+00  5.72370181e-01  2.53881526e-25
 3.05077513e-05  0.00000000e+00  0.00000000e+00  6.63610348e-01 -2.39936455e-25
 3.05577513e-05  0.00000000e+00  0.00000000e+00  7.52880849e-01  2.26757352e-25
 3.06077513e-05  0.00000000e+00  0.00000000e+00  8.40222688e-01 -2.14302143e-25
 3.06577513e-05  0.00000000e+00  0.00000000e+00  9.25676343e-01  2.02531067e-25
 3.07077513e-05  0.00000000e+00  0.00000000e+00  1.00928161e+00 -1.91406547e-25
 3.07577513e-05  0.00000000e+00  0.00000000e+00  1.09107768e+00  1.80893069e-25
 3.08077513e-05  0.00000000e+00  0.00000000e+00  1.17110296e+00 -1.70957069e-25
 3.08577513e-05  0.00000000e+00  0.00000000e+00  1.24939523e+00  1.61566829e-25
 3.09077513e-05  0.00000000e+00  0.00000000e+00  1.32599148e+00 -1.52692371e-25
 3.09577513e-05  0.00000000e+00  0.00000000e+00  1.40092802e+00  1.44305365e-25
 3.10077513e-05  0.00000000e+00  0.00000000e+00  1.47424042e+00 -1.36379035e-25
 3.10577513e-05  0.00000000e+00  0.00000000e+00  1.54596356e+00  1.28888079e-25
 3.11077513e-05  0.00000000e+00  0.00000000e+00  1.61613157e+00 -1.21808582e-25
 3.11267397e-05  0.00000000e+00  0.00000000e+00  1.64237771e+00  1.04947132e-25
 3.11351560e-05  0.00000000e+00  0.00000000e+00  1.65394115e+00 -7.47929618e-26
 3.11443715e-05  0.00000000e+00  0.00000000e+00  1.66655384e+00  5.49190621e-26
 3.11494982e-05  0.00000000e+00  0.00000000e+00  1.67354836e+00 -3.12005262e-26
 3.11552065e-05  0.00000000e+00  0.00000000e+00  1.68131788e+00  1.88262258e-26
 3.11666230e-05  0.00000000e+00  0.00000000e+00  1.69679870e+00 -1.46820308e-26
 3.11894562e-05  0.00000000e+00  0.00000000e+00  1.72752894e+00  1.29719523e-26
 3.12351224e-05  0.00000000e+00  0.00000000e+00  1.78807535e+00 -1.21938458e-26
 3.12516171e-05  0.00000000e+00  0.00000000e+00  1.80964769e+00 -4.77982320e-13
 3.12622473e-05  0.00000000e+00  0.00000000e+00  1.82346780e+00 -5.50273317e-13
 3.12658974e-05  0.00000000e+00  0.00000000e+00  1.82819836e+00 -5.05122125e-13
 3.12674505e-05  0.00000000e+00  0.00000000e+00  1.83020881e+00 -5.19601985e-13
 3.12680608e-05  0.00000000e+00  0.00000000e+00  1.83099856e+00 -5.19099272e-13
 3.12683077e-05  0.00000000e+00  0.00000000e+00  1.83131789e+00  6.65126833e-02
 3.12685304e-05  0.00000000e+00  0.00000000e+00  1.83160594e+00  1.84328714e-01
 3.12686679e-05  0.00000000e+00  0.00000000e+00  1.83178386e+00  2.54949443e-01
 3.12688184e-05  0.00000000e+00  0.00000000e+00  1.83197844e+00  3.30352925e-01
 3.12691192e-05  0.00000000e+00  0.00000000e+00  1.83236754e+00  4.75626828e-01
 3.12697210e-05  0.00000000e+00  0.00000000e+00  1.83314561e+00  7.45363455e-01
 3.12709245e-05  0.00000000e+00  0.00000000e+00  1.83470111e+00  1.21107674e+00
 3.12733316e-05  0.00000000e+00  0.00000000e+00  1.83780967e+00  1.90907976e+00
 3.12757096e-05  0.00000000e+00  0.00000000e+00  1.84087743e+00  2.36916082e+00
 3.12789809e-05  0.00000000e+00  0.00000000e+00  1.84509249e+00  2.76795322e+00
 3.12822836e-05  0.00000000e+00  0.00000000e+00  1.84934185e+00  2.99760893e+00
 3.12868368e-05  0.00000000e+00  0.00000000e+00  1.85519002e+00  3.16396103e+00
 3.12918008e-05  0.00000000e+00  0.00000000e+00  1.86155255e+00  3.24357554e+00
 3.12988084e-05  0.00000000e+00  0.00000000e+00  1.87051088e+00  3.28517955e+00
 3.13072328e-05  0.00000000e+00  0.00000000e+00  1.88124392e+00  3.29740529e+00
 3.13203935e-05  0.00000000e+00  0.00000000e+00  1.89793219e+00  3.30011968e+00
 3.13396096e-05  0.00000000e+00  0.00000000e+00  1.92212656e+00  3.29997233e+00
 3.13780418e-05  0.00000000e+00  0.00000000e+00  1.96990846e+00  3.30001450e+00
 3.14280418e-05  0.00000000e+00  0.00000000e+00  2.03087937e+00  3.29999111e+00
 3.14780418e-05  0.00000000e+00  0.00000000e+00  2.09052699e+00  3.30000544e+00
 3.15280418e-05  0.00000000e+00  0.00000000e+00  2.14887990e+00  3.29999666e+00
 3.15780418e-05  0.00000000e+00  0.00000000e+00  2.20596611e+00  3.30000204e+00
 3.16280418e-05  0.00000000e+00  0.00000000e+00  2.26181299e+00  3.29999874e+00
 3.16780418e-05  0.00000000e+00  0.00000000e+00  2.31644737e+00  3.30000077e+00
 3.17280418e-05  0.00000000e+00  0.00000000e+00  2.36989549e+00  3.29999953e+00
 3.17780418e-05  0.00000000e+00  0.00000000e+00  2.42218302e+00  3.30000029e+00
 3.18280418e-05  0.00000000e+00  0.00000000e+00  2.47333509e+00  3.29999982e+00
 3.18780418e-05  0.00000000e+00  0.00000000e+00  2.52337630e+00  3.30000011e+00
 3.19280418e-05  0.00000000e+00  0.00000000e+00  2.57233069e+00  3.29999993e+00
 3.19780418e-05  0.00000000e+00  0.00000000e+00  2.62022183e+00  3.30000004e+00
 3.20280418e-05  0.00000000e+00  0.00000000e+00  2.66707268e+00  3.29999997e+00
 3.20780418e-05  0.00000000e+00  0.00000000e+00  2.71290578e+00  3.30000001e+00
 3.21280418e-05  0.00000000e+00  0.00000000e+00  2.75774327e+00  3.29999999e+00
 3.21780418e-05  0.00000000e+00  0.00000000e+00  2.80160674e+00  3.30000000e+00
 3.22280418e-05  0.00000000e+00  0.00000000e+00  2.84451731e+00  3.29999999e+00
 3.22780418e-05  0.00000000e+00  0.00000000e+00  2.88649565e+00  3.30000000e+00
 3.23280418e-05  0.00000000e+00  0.00000000e+00  2.92756197e+00  3.30000000e+00
 3.23780418e-05  0.00000000e+00  0.00000000e+00  2.96773606e+00  3.30000000e+00
 3.24280418e-05  0.00000000e+00  0.00000000e+00  3.00703726e+00  3.30000000e+00
 3.24780418e-05  0.00000000e+00  0.00000000e+00  3.04548453e+00  3.30000000e+00
 3.25280418e-05  0.00000000e+00  0.00000000e+00  3.08309637e+00  3.30000000e+00
 3.25780418e-05  0.00000000e+00  0.00000000e+00  3.11989093e+00  3.30000000e+00
 3.26280418e-05  0.00000000e+00  0.00000000e+00  3.15588594e+00  3.30000000e+00
 3.26780418e-05  0.00000000e+00  0.00000000e+00  3.19109875e+00  3.30000000e+00
 3.27280418e-05  0.00000000e+00  0.00000000e+00  3.22554634e+00  3.30000000e+00
 3.27780418e-05  0.00000000e+00  0.00000000e+00  3.25924532e+00  3.30000000e+00
 3.28280418e-05  0.00000000e+00  0.00000000e+00  3.29221193e+00  3.30000000e+00
 3.28780418e-05  0.00000000e+00  0.00000000e+00  3.32446209e+00  3.30000000e+00
 3.29280418e-05  0.00000000e+00  0.00000000e+00  3.35601134e+00  3.30000000e+00
 3.29780418e-05  0.00000000e+00  0.00000000e+00  3.38687490e+00  3.30000000e+00
 3.30280418e-05  0.00000000e+00  0.00000000e+00  3.41706766e+00  3.30000000e+00
 3.30780418e-05  0.00000000e+00  0.00000000e+00  3.44660419e+00  3.30000000e+00
 3.31280418e-05  0.00000000e+00  0.00000000e+00  3.47549873e+00  3.30000000e+00
 3.31780418e-05  0.00000000e+00  0.00000000e+00  3.50376523e+00  3.30000000e+00
 3.32280418e-05  0.00000000e+00  0.00000000e+00  3.53141733e+00  3.30000000e+00
 3.32780418e-05  0.00000000e+00  0.00000000e+00  3.55846838e+00  3.30000000e+00
 3.33280418e-05  0.00000000e+00  0.00000000e+00  3.58493141e+00  3.30000000e+00
 3.33780418e-05  0.00000000e+00  0.00000000e+00  3.61081923e+00  3.30000000e+00
 3.34280418e-05  0.00000000e+00  0.00000000e+00  3.63614430e+00  3.30000000e+00
 3.34780418e-05  0.00000000e+00  0.00000000e+00  3.66091886e+00  3.30000000e+00
 3.35280418e-05  0.00000000e+00  0.00000000e+00  3.68515487e+00  3.30000000e+00
 3.35780418e-05  0.00000000e+00  0.00000000e+00  3.70886403e+00  3.30000000e+00
 3.36280418e-05  0.00000000e+00  0.00000000e+00  3.73205778e+00  3.30000000e+00
 3.36780418e-05  0.00000000e+00  0.00000000e+00  3.75474732e+00  3.30000000e+00
 3.37280418e-05  0.00000000e+00  0.00000000e+00  3.77694360e+00  3.30000000e+00
 3.37780418e-05  0.00000000e+00  0.00000000e+00  3.79865735e+00  3.30000000e+00
 3.38280418e-05  0.00000000e+00  0.00000000e+00  3.81989904e+00  3.30000000e+00
 3.38780418e-05  0.00000000e+00  0.00000000e+00  3.84067894e+00  3.30000000e+00
 3.39280418e-05  0.00000000e+00  0.00000000e+00  3.86100707e+00  3.30000000e+00
 3.39780418e-05  0.00000000e+00  0.00000000e+00  3.88089326e+00  3.30000000e+00
 3.40280418e-05  0.00000000e+00  0.00000000e+00  3.90034711e+00  3.30000000e+00
 3.40780418e-05  0.00000000e+00  0.00000000e+00  3.91937801e+00  3.30000000e+00
 3.41280418e-05  0.00000000e+00  0.00000000e+00  3.93799515e+00  3.30000000e+00
 3.41780418e-05  0.00000000e+00  0.00000000e+00  3.95620753e+00  3.30000000e+00
 3.42280418e-05  0.00000000e+00  0.00000000e+00  3.97402394e+00  3.30000000e+00
 3.42780418e-05  0.00000000e+00  0.00000000e+00  3.99145300e+00  3.30000000e+00
 3.43280418e-05  0.00000000e+00  0.00000000e+00  4.00850310e+00  3.30000000e+00
 3.43780418e-05  0.00000000e+00  0.00000000e+00  4.02518250e+00  3.30000000e+00
 3.44280418e-05  0.00000000e+00  0.00000000e+00  4.04149925e+00  3.30000000e+00
 3.44780418e-05  0.00000000e+00  0.00000000e+00  4.05746123e+00  3.30000000e+00
 3.45280418e-05  0.00000000e+00  0.00000000e+00  4.07307615e+00  3.30000000e+00
 3.45780418e-05  0.00000000e+00  0.00000000e+00  4.08835156e+00  3.30000000e+00
 3.46280418e-05  0.00000000e+00  0.00000000e+00  4.10329483e+00  3.30000000e+00
 3.46780418e-05  0.00000000e+00  0.00000000e+00  4.11791319e+00  3.30000000e+00
 3.47280418e-05  0.00000000e+00  0.00000000e+00  4.13221369e+00  3.30000000e+00
 3.47780418e-05  0.00000000e+00  0.00000000e+00  4.14620325e+00  3.30000000e+00
 3.48280418e-05  0.00000000e+00  0.00000000e+00  4.15988862e+00  3.30000000e+00
 3.48780418e-05  0.00000000e+00  0.00000000e+00  4.17327642e+00  3.30000000e+00
 3.49280418e-05  0.00000000e+00  0.00000000e+00  4.18637312e+00  3.30000000e+00
 3.49780418e-05  0.00000000e+00  0.00000000e+00  4.19918504e+00  3.30000000e+00
 3.50280418e-05  0.00000000e+00  0.00000000e+00  4.21171837e+00  3.30000000e+00
 3.50780418e-05  0.00000000e+00  0.00000000e+00  4.22397918e+00  3.30000000e+00
 3.51280418e-05  0.00000000e+00  0.00000000e+00  4.23597338e+00  3.30000000e+00
 3.51780418e-05  0.00000000e+00  0.00000000e+00  4.24770677e+00  3.30000000e+00
 3.52280418e-05  0.00000000e+00  0.00000000e+00  4.25918502e+00  3.30000000e+00
 3.52780418e-05  0.00000000e+00  0.00000000e+00  4.27041368e+00  3.30000000e+00
 3.53280418e-05  0.00000000e+00  0.00000000e+00  4.28139816e+00  3.30000000e+00
 3.53780418e-05  0.00000000e+00  0.00000000e+00  4.29214380e+00  3.30000000e+00
 3.54280418e-05  0.00000000e+00  0.00000000e+00  4.30265576e+00  3.30000000e+00
 3.54780418e-05  0.00000000e+00  0.00000000e+00  4.31293914e+00  3.30000000e+00
 3.55280418e-05  0.00000000e+00  0.00000000e+00  4.32299891e+00  3.30000000e+00
 3.55780418e-05  0.00000000e+00  0.00000000e+00  4.33283992e+00  3.30000000e+00
 3.56280418e-05  0.00000000e+00  0.00000000e+00  4.34246693e+00  3.30000000e+00
 3.56780418e-05  0.00000000e+00  0.00000000e+00  4.35188460e+00  3.30000000e+00
 3.57280418e-05  0.00000000e+00  0.00000000e+00  4.36109746e+00  3.30000000e+00
 3.57780418e-05  0.00000000e+00  0.00000000e+00  4.37011000e+00  3.30000000e+00
 3.58280418e-05  0.00000000e+00  0.00000000e+00  4.37892654e+00  3.30000000e+00
 3.58780418e-05  0.00000000e+00  0.00000000e+00  4.38755136e+00  3.30000000e+00
 3.59280418e-05  0.00000000e+00  0.00000000e+00  4.39598862e+00  3.30000000e+00
 3.59780418e-05  0.00000000e+00  0.00000000e+00  4.40424241e+00  3.30000000e+00
 3.60280418e-05  0.00000000e+00  0.00000000e+00  4.41231670e+00  3.30000000e+00
 3.60780418e-05  0.00000000e+00  0.00000000e+00  4.42021541e+00  3.30000000e+00
 3.61280418e-05  0.00000000e+00  0.00000000e+00  4.42794235e+00  3.30000000e+00
 3.61780418e-05  0.00000000e+00  0.00000000e+00  4.43550126e+00  3.30000000e+00
 3.62280418e-05  0.00000000e+00  0.00000000e+00  4.44289578e+00  3.30000000e+00
 3.62780418e-05  0.00000000e+00  0.00000000e+00  4.45012951e+00  3.30000000e+00
 3.63280418e-05  0.00000000e+00  0.00000000e+00  4.45720592e+00  3.30000000e+00
 3.63780418e-05  0.00000000e+00  0.00000000e+00  4.46412844e+00  3.30000000e+00
 3.64280418e-05  0.00000000e+00  0.00000000e+00  4.47090042e+00  3.30000000e+00
 3.64780418e-05  0.00000000e+00  0.00000000e+00  4.47752513e+00  3.30000000e+00
 3.65280418e-05  0.00000000e+00  0.00000000e+00  4.48400577e+00  3.30000000e+00
 3.65780418e-05  0.00000000e+00  0.00000000e+00  4.49034548e+00  3.30000000e+00
 3.66280418e-05  0.00000000e+00  0.00000000e+00  4.49654732e+00  3.30000000e+00
 3.66780418e-05  0.00000000e+00  0.00000000e+00  4.50261429e+00  3.30000000e+00
 3.67280418e-05  0.00000000e+00  0.00000000e+00  4.50854932e+00  3.30000000e+00
 3.67780418e-05  0.00000000e+00  0.00000000e+00  4.51435528e+00  3.30000000e+00
 3.68280418e-05  0.00000000e+00  0.00000000e+00  4.52003497e+00  3.30000000e+00
 3.68780418e-05  0.00000000e+00  0.00000000e+00  4.52559115e+00  3.30000000e+00
 3.69280418e-05  0.00000000e+00  0.00000000e+00  4.53102649e+00  3.30000000e+00
 3.69780418e-05  0.00000000e+00  0.00000000e+00  4.53634363e+00  3.30000000e+00
 3.70280418e-05  0.00000000e+00  0.00000000e+00  4.54154513e+00  3.30000000e+00
 3.70780418e-05  0.00000000e+00  0.00000000e+00  4.54663352e+00  3.30000000e+00
 3.71280418e-05  0.00000000e+00  0.00000000e+00  4.55161124e+00  3.30000000e+00
 3.71780418e-05  0.00000000e+00  0.00000000e+00  4.55648072e+00  3.30000000e+00
 3.72280418e-05  0.00000000e+00  0.00000000e+00  4.56124429e+00  3.30000000e+00
 3.72780418e-05  0.00000000e+00  0.00000000e+00  4.56590426e+00  3.30000000e+00
 3.73280418e-05  0.00000000e+00  0.00000000e+00  4.57046289e+00  3.30000000e+00
 3.73780418e-05  0.00000000e+00  0.00000000e+00  4.57492239e+00  3.30000000e+00
 3.74280418e-05  0.00000000e+00  0.00000000e+00  4.57928489e+00  3.30000000e+00
 3.74780418e-05  0.00000000e+00  0.00000000e+00  4.58355253e+00  3.30000000e+00
 3.75280418e-05  0.00000000e+00  0.00000000e+00  4.58772735e+00  3.30000000e+00
 3.75780418e-05  0.00000000e+00  0.00000000e+00  4.59181138e+00  3.30000000e+00
 3.76280418e-05  0.00000000e+00  0.00000000e+00  4.59580658e+00  3.30000000e+00
 3.76780418e-05  0.00000000e+00  0.00000000e+00  4.59971490e+00  3.30000000e+00
 3.77280418e-05  0.00000000e+00  0.00000000e+00  4.60353822e+00  3.30000000e+00
 3.77780418e-05  0.00000000e+00  0.00000000e+00  4.60727840e+00  3.30000000e+00
 3.78280418e-05  0.00000000e+00  0.00000000e+00  4.61093723e+00  3.30000000e+00
 3.78780418e-05  0.00000000e+00  0.00000000e+00  4.61451649e+00  3.30000000e+00
 3.79280418e-05  0.00000000e+00  0.00000000e+00  4.61801790e+00  3.30000000e+00
 3.79780418e-05  0.00000000e+00  0.00000000e+00  4.62144317e+00  3.30000000e+00
 3.80280418e-05  0.00000000e+00  0.00000000e+00  4.62479394e+00  3.30000000e+00
 3.80780418e-05  0.00000000e+00  0.00000000e+00  4.62807184e+00  3.30000000e+00
 3.81280418e-05  0.00000000e+00  0.00000000e+00  4.63127845e+00  3.30000000e+00
 3.81780418e-05  0.00000000e+00  0.00000000e+00  4.63441533e+00  3.30000000e+00
 3.82280418e-05  0.00000000e+00  0.00000000e+00  4.63748398e+00  3.30000000e+00
 3.82780418e-05  0.00000000e+00  0.00000000e+00  4.64048589e+00  3.30000000e+00
 3.83280418e-05  0.00000000e+00  0.00000000e+00  4.64342252e+00  3.30000000e+00
 3.83780418e-05  0.00000000e+00  0.00000000e+00  4.64629528e+00  3.30000000e+00
 3.84280418e-05  0.00000000e+00  0.00000000e+00  4.64910556e+00  3.30000000e+00
 3.84780418e-05  0.00000000e+00  0.00000000e+00  4.65185472e+00  3.30000000e+00
 3.85280418e-05  0.00000000e+00  0.00000000e+00  4.65454409e+00  3.30000000e+00
 3.85780418e-05  0.00000000e+00  0.00000000e+00  4.65717498e+00  3.30000000e+00
 3.86280418e-05  0.00000000e+00  0.00000000e+00  4.65974864e+00  3.30000000e+00
 3.86780418e-05  0.00000000e+00  0.00000000e+00  4.66226634e+00  3.30000000e+00
 3.87280418e-05  0.00000000e+00  0.00000000e+00  4.66472927e+00  3.30000000e+00
 3.87780418e-05  0.00000000e+00  0.00000000e+00  4.66713864e+00  3.30000000e+00
 3.88280418e-05  0.00000000e+00  0.00000000e+00  4.66949561e+00  3.30000000e+00
 3.88780418e-05  0.00000000e+00  0.00000000e+00  4.67180132e+00  3.30000000e+00
 3.89280418e-05  0.00000000e+00  0.00000000e+00  4.67405688e+00  3.30000000e+00
 3.89780418e-05  0.00000000e+00  0.00000000e+00  4.67626339e+00  3.30000000e+00
 3.90280418e-05  0.00000000e+00  0.00000000e+00  4.67842191e+00  3.30000000e+00
 3.90780418e-05  0.00000000e+00  0.00000000e+00  4.68053348e+00  3.30000000e+00
 3.91280418e-05  0.00000000e+00  0.00000000e+00  4.68259913e+00  3.30000000e+00
 3.91780418e-05  0.00000000e+00  0.00000000e+00  4.68461986e+00  3.30000000e+00
 3.92280418e-05  0.00000000e+00  0.00000000e+00  4.68659663e+00  3.30000000e+00
 3.92780418e-05  0.00000000e+00  0.00000000e+00  4.68853042e+00  3.30000000e+00
 3.93280418e-05  0.00000000e+00  0.00000000e+00  4.69042215e+00  3.30000000e+00
 3.93780418e-05  0.00000000e+00  0.00000000e+00  4.69227273e+00  3.30000000e+00
 3.94280418e-05  0.00000000e+00  0.00000000e+00  4.69408307e+00  3.30000000e+00
 3.94780418e-05  0.00000000e+00  0.00000000e+00  4.69585403e+00  3.30000000e+00
 3.95280418e-05  0.00000000e+00  0.00000000e+00  4.69758648e+00  3.30000000e+00
 3.95780418e-05  0.00000000e+00  0.00000000e+00  4.69928125e+00  3.30000000e+00
 3.96280418e-05  0.00000000e+00  0.00000000e+00  4.70093915e+00  3.30000000e+00
 3.96780418e-05  0.00000000e+00  0.00000000e+00  4.70256101e+00  3.30000000e+00
 3.97280418e-05  0.00000000e+00  0.00000000e+00  4.70414758e+00  3.30000000e+00
 3.97780418e-05  0.00000000e+00  0.00000000e+00  4.70569966e+00  3.30000000e+00
 3.98280418e-05  0.00000000e+00  0.00000000e+00  4.70721797e+00  3.30000000e+00
 3.98780418e-05  0.00000000e+00  0.00000000e+00  4.70870327e+00  3.30000000e+00
 3.99280418e-05  0.00000000e+00  0.00000000e+00  4.71015626e+00  3.30000000e+00
 3.99780418e-05  0.00000000e+00  0.00000000e+00  4.71157765e+00  3.30000000e+00
 4.00280418e-05  0.00000000e+00  0.00000000e+00  4.71296812e+00  3.30000000e+00
 4.00780418e-05  0.00000000e+00  0.00000000e+00  4.71432836e+00  3.30000000e+00
 4.01280418e-05  0.00000000e+00  0.00000000e+00  4.71565901e+00  3.30000000e+00
 4.01780418e-05  0.00000000e+00  0.00000000e+00  4.71696072e+00  3.30000000e+00
 4.02280418e-05  0.00000000e+00  0.00000000e+00  4.71823412e+00  3.30000000e+00
 4.02780418e-05  0.00000000e+00  0.00000000e+00  4.71947982e+00  3.30000000e+00
 4.03280418e-05  0.00000000e+00  0.00000000e+00  4.72069843e+00  3.30000000e+00
 4.03780418e-05  0.00000000e+00  0.00000000e+00  4.72189054e+00  3.30000000e+00
 4.04280418e-05  0.00000000e+00  0.00000000e+00  4.72305672e+00  3.30000000e+00
 4.04780418e-05  0.00000000e+00  0.00000000e+00  4.72419754e+00  3.30000000e+00
 4.05280418e-05  0.00000000e+00  0.00000000e+00  4.72531354e+00  3.30000000e+00
 4.05780418e-05  0.00000000e+00  0.00000000e+00  4.72640528e+00  3.30000000e+00
 4.06280418e-05  0.00000000e+00  0.00000000e+00  4.72747327e+00  3.30000000e+00
 4.06780418e-05  0.00000000e+00  0.00000000e+00  4.72851803e+00  3.30000000e+00
 4.07280418e-05  0.00000000e+00  0.00000000e+00  4.72954007e+00  3.30000000e+00
 4.07780418e-05  0.00000000e+00  0.00000000e+00  4.73053988e+00  3.30000000e+00
 4.08280418e-05  0.00000000e+00  0.00000000e+00  4.73151794e+00  3.30000000e+00
 4.08780418e-05  0.00000000e+00  0.00000000e+00  4.73247474e+00  3.30000000e+00
 4.09280418e-05  0.00000000e+00  0.00000000e+00  4.73341072e+00  3.30000000e+00
 4.09780418e-05  0.00000000e+00  0.00000000e+00  4.73432635e+00  3.30000000e+00
 4.10280418e-05  0.00000000e+00  0.00000000e+00  4.73522206e+00  3.30000000e+00
 4.10780418e-05  0.00000000e+00  0.00000000e+00  4.73609830e+00  3.30000000e+00
 4.11280418e-05  0.00000000e+00  0.00000000e+00  4.73695547e+00  3.30000000e+00
 4.11780418e-05  0.00000000e+00  0.00000000e+00  4.73779400e+00  3.30000000e+00
 4.12280418e-05  0.00000000e+00  0.00000000e+00  4.73861430e+00  3.30000000e+00
 4.12780418e-05  0.00000000e+00  0.00000000e+00  4.73941675e+00  3.30000000e+00
 4.13280418e-05  0.00000000e+00  0.00000000e+00  4.74020175e+00  3.30000000e+00
 4.13780418e-05  0.00000000e+00  0.00000000e+00  4.74096968e+00  3.30000000e+00
 4.14280418e-05  0.00000000e+00  0.00000000e+00  4.74172090e+00  3.30000000e+00
 4.14780418e-05  0.00000000e+00  0.00000000e+00  4.74245579e+00  3.30000000e+00
 4.15280418e-05  0.00000000e+00  0.00000000e+00  4.74317470e+00  3.30000000e+00
 4.15780418e-05  0.00000000e+00  0.00000000e+00  4.74387797e+00  3.30000000e+00
 4.16280418e-05  0.00000000e+00  0.00000000e+00  4.74456594e+00  3.30000000e+00
 4.16780418e-05  0.00000000e+00  0.00000000e+00  4.74523895e+00  3.30000000e+00
 4.17280418e-05  0.00000000e+00  0.00000000e+00  4.74589732e+00  3.30000000e+00
 4.17780418e-05  0.00000000e+00  0.00000000e+00  4.74654138e+00  3.30000000e+00
 4.18280418e-05  0.00000000e+00  0.00000000e+00  4.74717142e+00  3.30000000e+00
 4.18780418e-05  0.00000000e+00  0.00000000e+00  4.74778777e+00  3.30000000e+00
 4.19280418e-05  0.00000000e+00  0.00000000e+00  4.74839070e+00  3.30000000e+00
 4.19780418e-05  0.00000000e+00  0.00000000e+00  4.74898053e+00  3.30000000e+00
 4.20280418e-05  0.00000000e+00  0.00000000e+00  4.74955752e+00  3.30000000e+00
 4.20780418e-05  0.00000000e+00  0.00000000e+00  4.75012197e+00  3.30000000e+00
 4.21280418e-05  0.00000000e+00  0.00000000e+00  4.75067414e+00  3.30000000e+00
 4.21780418e-05  0.00000000e+00  0.00000000e+00  4.75121431e+00  3.30000000e+00
 4.22280418e-05  0.00000000e+00  0.00000000e+00  4.75174272e+00  3.30000000e+00
 4.22780418e-05  0.00000000e+00  0.00000000e+00  4.75225964e+00  3.30000000e+00
 4.23280418e-05  0.00000000e+00  0.00000000e+00  4.75276532e+00  3.30000000e+00
 4.23780418e-05  0.00000000e+00  0.00000000e+00  4.75326000e+00  3.30000000e+00
 4.24280418e-05  0.00000000e+00  0.00000000e+00  4.75374392e+00  3.30000000e+00
 4.24780418e-05  0.00000000e+00  0.00000000e+00  4.75421732e+00  3.30000000e+00
 4.25280418e-05  0.00000000e+00  0.00000000e+00  4.75468041e+00  3.30000000e+00
 4.25780418e-05  0.00000000e+00  0.00000000e+00  4.75513344e+00  3.30000000e+00
 4.26280418e-05  0.00000000e+00  0.00000000e+00  4.75557662e+00  3.30000000e+00
 4.26780418e-05  0.00000000e+00  0.00000000e+00  4.75601015e+00  3.30000000e+00
 4.27280418e-05  0.00000000e+00  0.00000000e+00  4.75643426e+00  3.30000000e+00
 4.27780418e-05  0.00000000e+00  0.00000000e+00  4.75684914e+00  3.30000000e+00
 4.28280418e-05  0.00000000e+00  0.00000000e+00  4.75725500e+00  3.30000000e+00
 4.28780418e-05  0.00000000e+00  0.00000000e+00  4.75765204e+00  3.30000000e+00
 4.29280418e-05  0.00000000e+00  0.00000000e+00  4.75804043e+00  3.30000000e+00
 4.29780418e-05  0.00000000e+00  0.00000000e+00  4.75842038e+00  3.30000000e+00
 4.30280418e-05  0.00000000e+00  0.00000000e+00  4.75879207e+00  3.30000000e+00
 4.30780418e-05  0.00000000e+00  0.00000000e+00  4.75915567e+00  3.30000000e+00
 4.31280418e-05  0.00000000e+00  0.00000000e+00  4.75951136e+00  3.30000000e+00
 4.31780418e-05  0.00000000e+00  0.00000000e+00  4.75985932e+00  3.30000000e+00
 4.32280418e-05  0.00000000e+00  0.00000000e+00  4.76019971e+00  3.30000000e+00
 4.32780418e-05  0.00000000e+00  0.00000000e+00  4.76053270e+00  3.30000000e+00
 4.33280418e-05  0.00000000e+00  0.00000000e+00  4.76085844e+00  3.30000000e+00
 4.33780418e-05  0.00000000e+00  0.00000000e+00  4.76117711e+00  3.30000000e+00
 4.34280418e-05  0.00000000e+00  0.00000000e+00  4.76148883e+00  3.30000000e+00
 4.34780418e-05  0.00000000e+00  0.00000000e+00  4.76179378e+00  3.30000000e+00
 4.35280418e-05  0.00000000e+00  0.00000000e+00  4.76209210e+00  3.30000000e+00
 4.35780418e-05  0.00000000e+00  0.00000000e+00  4.76238393e+00  3.30000000e+00
 4.36280418e-05  0.00000000e+00  0.00000000e+00  4.76266941e+00  3.30000000e+00
 4.36780418e-05  0.00000000e+00  0.00000000e+00  4.76294868e+00  3.30000000e+00
 4.37280418e-05  0.00000000e+00  0.00000000e+00  4.76322188e+00  3.30000000e+00
 4.37780418e-05  0.00000000e+00  0.00000000e+00  4.76348914e+00  3.30000000e+00
 4.38280418e-05  0.00000000e+00  0.00000000e+00  4.76375058e+00  3.30000000e+00
 4.38780418e-05  0.00000000e+00  0.00000000e+00  4.76400634e+00  3.30000000e+00
 4.39280418e-05  0.00000000e+00  0.00000000e+00  4.76425653e+00  3.30000000e+00
 4.39780418e-05  0.00000000e+00  0.00000000e+00  4.76450129e+00  3.30000000e+00
 4.40280418e-05  0.00000000e+00  0.00000000e+00  4.76474072e+00  3.30000000e+00
 4.40780418e-05  0.00000000e+00  0.00000000e+00  4.76497494e+00  3.30000000e+00
 4.41280418e-05  0.00000000e+00  0.00000000e+00  4.76520407e+00  3.30000000e+00
 4.41780418e-05  0.00000000e+00  0.00000000e+00  4.76542822e+00  3.30000000e+00
 4.42280418e-05  0.00000000e+00  0.00000000e+00  4.76564748e+00  3.30000000e+00
 4.42780418e-05  0.00000000e+00  0.00000000e+00  4.76586199e+00  3.30000000e+00
 4.43280418e-05  0.00000000e+00  0.00000000e+00  4.76607182e+00  3.30000000e+00
 4.43780418e-05  0.00000000e+00  0.00000000e+00  4.76627710e+00  3.30000000e+00
 4.44280418e-05  0.00000000e+00  0.00000000e+00  4.76647790e+00  3.30000000e+00
 4.44780418e-05  0.00000000e+00  0.00000000e+00  4.76667434e+00  3.30000000e+00
 4.45280418e-05  0.00000000e+00  0.00000000e+00  4.76686651e+00  3.30000000e+00
 4.45780418e-05  0.00000000e+00  0.00000000e+00  4.76705450e+00  3.30000000e+00
 4.46280418e-05  0.00000000e+00  0.00000000e+00  4.76723840e+00  3.30000000e+00
 4.46780418e-05  0.00000000e+00  0.00000000e+00  4.76741830e+00  3.30000000e+00
 4.47280418e-05  0.00000000e+00  0.00000000e+00  4.76759428e+00  3.30000000e+00
 4.47780418e-05  0.00000000e+00  0.00000000e+00  4.76776645e+00  3.30000000e+00
 4.48280418e-05  0.00000000e+00  0.00000000e+00  4.76793486e+00  3.30000000e+00
 4.48780418e-05  0.00000000e+00  0.00000000e+00  4.76809961e+00  3.30000000e+00
 4.49280418e-05  0.00000000e+00  0.00000000e+00  4.76826078e+00  3.30000000e+00
 4.49780418e-05  0.00000000e+00  0.00000000e+00  4.76841845e+00  3.30000000e+00
 4.50280418e-05  0.00000000e+00  0.00000000e+00  4.76857268e+00  3.30000000e+00
 4.50780418e-05  0.00000000e+00  0.00000000e+00  4.76872356e+00  3.30000000e+00
 4.51280418e-05  0.00000000e+00  0.00000000e+00  4.76887116e+00  3.30000000e+00
 4.51780418e-05  0.00000000e+00  0.00000000e+00  4.76901555e+00  3.30000000e+00
 4.52280418e-05  0.00000000e+00  0.00000000e+00  4.76915679e+00  3.30000000e+00
 4.52780418e-05  0.00000000e+00  0.00000000e+00  4.76929497e+00  3.30000000e+00
 4.53280418e-05  0.00000000e+00  0.00000000e+00  4.76943014e+00  3.30000000e+00
 4.53780418e-05  0.00000000e+00  0.00000000e+00  4.76956237e+00  3.30000000e+00
 4.54280418e-05  0.00000000e+00  0.00000000e+00  4.76969172e+00  3.30000000e+00
 4.54780418e-05  0.00000000e+00  0.00000000e+00  4.76981827e+00  3.30000000e+00
 4.55280418e-05  0.00000000e+00  0.00000000e+00  4.76994206e+00  3.30000000e+00
 4.55780418e-05  0.00000000e+00  0.00000000e+00  4.77006315e+00  3.30000000e+00
 4.56280418e-05  0.00000000e+00  0.00000000e+00  4.77018162e+00  3.30000000e+00
 4.56780418e-05  0.00000000e+00  0.00000000e+00  4.77029750e+00  3.30000000e+00
 4.57280418e-05  0.00000000e+00  0.00000000e+00  4.77041087e+00  3.30000000e+00
 4.57780418e-05  0.00000000e+00  0.00000000e+00  4.77052177e+00  3.30000000e+00
 4.58280418e-05  0.00000000e+00  0.00000000e+00  4.77063026e+00  3.30000000e+00
 4.58780418e-05  0.00000000e+00  0.00000000e+00  4.77073639e+00  3.30000000e+00
 4.59280418e-05  0.00000000e+00  0.00000000e+00  4.77084021e+00  3.30000000e+00
 4.59780418e-05  0.00000000e+00  0.00000000e+00  4.77094177e+00  3.30000000e+00
 4.60280418e-05  0.00000000e+00  0.00000000e+00  4.77104112e+00  3.30000000e+00
 4.60780418e-05  0.00000000e+00  0.00000000e+00  4.77113832e+00  3.30000000e+00
 4.61280418e-05  0.00000000e+00  0.00000000e+00  4.77123339e+00  3.30000000e+00
 4.61780418e-05  0.00000000e+00  0.00000000e+00  4.77132641e+00  3.30000000e+00
 4.62280418e-05  0.00000000e+00  0.00000000e+00  4.77141739e+00  3.30000000e+00
 4.62780418e-05  0.00000000e+00  0.00000000e+00  4.77150640e+00  3.30000000e+00
 4.63280418e-05  0.00000000e+00  0.00000000e+00  4.77159348e+00  3.30000000e+00
 4.63780418e-05  0.00000000e+00  0.00000000e+00  4.77167866e+00  3.30000000e+00
 4.64280418e-05  0.00000000e+00  0.00000000e+00  4.77176198e+00  3.30000000e+00
 4.64780418e-05  0.00000000e+00  0.00000000e+00  4.77184350e+00  3.30000000e+00
 4.65280418e-05  0.00000000e+00  0.00000000e+00  4.77192324e+00  3.30000000e+00
 4.65780418e-05  0.00000000e+00  0.00000000e+00  4.77200125e+00  3.30000000e+00
 4.66280418e-05  0.00000000e+00  0.00000000e+00  4.77207756e+00  3.30000000e+00
 4.66780418e-05  0.00000000e+00  0.00000000e+00  4.77215221e+00  3.30000000e+00
 4.67280418e-05  0.00000000e+00  0.00000000e+00  4.77222523e+00  3.30000000e+00
 4.67780418e-05  0.00000000e+00  0.00000000e+00  4.77229667e+00  3.30000000e+00
 4.68280418e-05  0.00000000e+00  0.00000000e+00  4.77236656e+00  3.30000000e+00
 4.68780418e-05  0.00000000e+00  0.00000000e+00  4.77243493e+00  3.30000000e+00
 4.69280418e-05  0.00000000e+00  0.00000000e+00  4.77250180e+00  3.30000000e+00
 4.69780418e-05  0.00000000e+00  0.00000000e+00  4.77256723e+00  3.30000000e+00
 4.70280418e-05  0.00000000e+00  0.00000000e+00  4.77263123e+00  3.30000000e+00
 4.70780418e-05  0.00000000e+00  0.00000000e+00  4.77269384e+00  3.30000000e+00
 4.71280418e-05  0.00000000e+00  0.00000000e+00  4.77275508e+00  3.30000000e+00
 4.71780418e-05  0.00000000e+00  0.00000000e+00  4.77281500e+00  3.30000000e+00
 4.72280418e-05  0.00000000e+00  0.00000000e+00  4.77287361e+00  3.30000000e+00
 4.72780418e-05  0.00000000e+00  0.00000000e+00  4.77293095e+00  3.30000000e+00
 4.73280418e-05  0.00000000e+00  0.00000000e+00  4.77298704e+00  3.30000000e+00
 4.73780418e-05  0.00000000e+00  0.00000000e+00  4.77304191e+00  3.30000000e+00
 4.74280418e-05  0.00000000e+00  0.00000000e+00  4.77309558e+00  3.30000000e+00
 4.74780418e-05  0.00000000e+00  0.00000000e+00  4.77314810e+00  3.30000000e+00
 4.75280418e-05  0.00000000e+00  0.00000000e+00  4.77319946e+00  3.30000000e+00
 4.75780418e-05  0.00000000e+00  0.00000000e+00  4.77324971e+00  3.30000000e+00
 4.76280418e-05  0.00000000e+00  0.00000000e+00  4.77329887e+00  3.30000000e+00
 4.76780418e-05  0.00000000e+00  0.00000000e+00  4.77334696e+00  3.30000000e+00
 4.77280418e-05  0.00000000e+00  0.00000000e+00  4.77339400e+00  3.30000000e+00
 4.77780418e-05  0.00000000e+00  0.00000000e+00  4.77344002e+00  3.30000000e+00
 4.78280418e-05  0.00000000e+00  0.00000000e+00  4.77348503e+00  3.30000000e+00
 4.78780418e-05  0.00000000e+00  0.00000000e+00  4.77352908e+00  3.30000000e+00
 4.79280418e-05  0.00000000e+00  0.00000000e+00  4.77357215e+00  3.30000000e+00
 4.79780418e-05  0.00000000e+00  0.00000000e+00  4.77361430e+00  3.30000000e+00
 4.80280418e-05  0.00000000e+00  0.00000000e+00  4.77365553e+00  3.30000000e+00
 4.80780418e-05  0.00000000e+00  0.00000000e+00  4.77369586e+00  3.30000000e+00
 4.81280418e-05  0.00000000e+00  0.00000000e+00  4.77373531e+00  3.30000000e+00
 4.81780418e-05  0.00000000e+00  0.00000000e+00  4.77377391e+00  3.30000000e+00
 4.82280418e-05  0.00000000e+00  0.00000000e+00  4.77381166e+00  3.30000000e+00
 4.82780418e-05  0.00000000e+00  0.00000000e+00  4.77384860e+00  3.30000000e+00
 4.83280418e-05  0.00000000e+00  0.00000000e+00  4.77388473e+00  3.30000000e+00
 4.83780418e-05  0.00000000e+00  0.00000000e+00  4.77392008e+00  3.30000000e+00
 4.84280418e-05  0.00000000e+00  0.00000000e+00  4.77395465e+00  3.30000000e+00
 4.84780418e-05  0.00000000e+00  0.00000000e+00  4.77398848e+00  3.30000000e+00
 4.85280418e-05  0.00000000e+00  0.00000000e+00  4.77402157e+00  3.30000000e+00
 4.85780418e-05  0.00000000e+00  0.00000000e+00  4.77405394e+00  3.30000000e+00
 4.86280418e-05  0.00000000e+00  0.00000000e+00  4.77408560e+00  3.30000000e+00
 4.86780418e-05  0.00000000e+00  0.00000000e+00  4.77411658e+00  3.30000000e+00
 4.87280418e-05  0.00000000e+00  0.00000000e+00  4.77414688e+00  3.30000000e+00
 4.87780418e-05  0.00000000e+00  0.00000000e+00  4.77417653e+00  3.30000000e+00
 4.88280418e-05  0.00000000e+00  0.00000000e+00  4.77420553e+00  3.30000000e+00
 4.88780418e-05  0.00000000e+00  0.00000000e+00  4.77423390e+00  3.30000000e+00
 4.89280418e-05  0.00000000e+00  0.00000000e+00  4.77426165e+00  3.30000000e+00
 4.89780418e-05  0.00000000e+00  0.00000000e+00  4.77428880e+00  3.30000000e+00
 4.90280418e-05  0.00000000e+00  0.00000000e+00  4.77431535e+00  3.30000000e+00
 4.90780418e-05  0.00000000e+00  0.00000000e+00  4.77434133e+00  3.30000000e+00
 4.91280418e-05  0.00000000e+00  0.00000000e+00  4.77436675e+00  3.30000000e+00
 4.91780418e-05  0.00000000e+00  0.00000000e+00  4.77439161e+00  3.30000000e+00
 4.92280418e-05  0.00000000e+00  0.00000000e+00  4.77441593e+00  3.30000000e+00
 4.92780418e-05  0.00000000e+00  0.00000000e+00  4.77443973e+00  3.30000000e+00
 4.93280418e-05  0.00000000e+00  0.00000000e+00  4.77446300e+00  3.30000000e+00
 4.93780418e-05  0.00000000e+00  0.00000000e+00  4.77448577e+00  3.30000000e+00
 4.94280418e-05  0.00000000e+00  0.00000000e+00  4.77450804e+00  3.30000000e+00
 4.94780418e-05  0.00000000e+00  0.00000000e+00  4.77452983e+00  3.30000000e+00
 4.95280418e-05  0.00000000e+00  0.00000000e+00  4.77455115e+00  3.30000000e+00
 4.95780418e-05  0.00000000e+00  0.00000000e+00  4.77457200e+00  3.30000000e+00
 4.96280418e-05  0.00000000e+00  0.00000000e+00  4.77459240e+00  3.30000000e+00
 4.96780418e-05  0.00000000e+00  0.00000000e+00  4.77461235e+00  3.30000000e+00
 4.97280418e-05  0.00000000e+00  0.00000000e+00  4.77463187e+00  3.30000000e+00
 4.97780418e-05  0.00000000e+00  0.00000000e+00  4.77465097e+00  3.30000000e+00
 4.98280418e-05  0.00000000e+00  0.00000000e+00  4.77466965e+00  3.30000000e+00
 4.98780418e-05  0.00000000e+00  0.00000000e+00  4.77468792e+00  3.30000000e+00
 4.99280418e-05  0.00000000e+00  0.00000000e+00  4.77470580e+00  3.30000000e+00
 4.99780418e-05  0.00000000e+00  0.00000000e+00  4.77472329e+00  3.30000000e+00
 5.00280418e-05  0.00000000e+00  0.00000000e+00  4.77474039e+00  3.30000000e+00
 5.00780418e-05  0.00000000e+00  0.00000000e+00  4.77475713e+00  3.30000000e+00
 5.01280418e-05  0.00000000e+00  0.00000000e+00  4.77477350e+00  3.30000000e+00
 5.01780418e-05  0.00000000e+00  0.00000000e+00  4.77478952e+00  3.30000000e+00
 5.02280418e-05  0.00000000e+00  0.00000000e+00  4.77480518e+00  3.30000000e+00
 5.02780418e-05  0.00000000e+00  0.00000000e+00  4.77482051e+00  3.30000000e+00
 5.03280418e-05  0.00000000e+00  0.00000000e+00  4.77483550e+00  3.30000000e+00
 5.03780418e-05  0.00000000e+00  0.00000000e+00  4.77485017e+00  3.30000000e+00
 5.04280418e-05  0.00000000e+00  0.00000000e+00  4.77486452e+00  3.30000000e+00
 5.04780418e-05  0.00000000e+00  0.00000000e+00  4.77487856e+00  3.30000000e+00
 5.05280418e-05  0.00000000e+00  0.00000000e+00  4.77489229e+00  3.30000000e+00
 5.05780418e-05  0.00000000e+00  0.00000000e+00  4.77490572e+00  3.30000000e+00
 5.06280418e-05  0.00000000e+00  0.00000000e+00  4.77491886e+00  3.30000000e+00
 5.06780418e-05  0.00000000e+00  0.00000000e+00  4.77493171e+00  3.30000000e+00
 5.07280418e-05  0.00000000e+00  0.00000000e+00  4.77494429e+00  3.30000000e+00
 5.07780418e-05  0.00000000e+00  0.00000000e+00  4.77495659e+00  3.30000000e+00
 5.08280418e-05  0.00000000e+00  0.00000000e+00  4.77496862e+00  3.30000000e+00
 5.08780418e-05  0.00000000e+00  0.00000000e+00  4.77498039e+00  3.30000000e+00
 5.09280418e-05  0.00000000e+00  0.00000000e+00  4.77499191e+00  3.30000000e+00
 5.09780418e-05  0.00000000e+00  0.00000000e+00  4.77500318e+00  3.30000000e+00
 5.10280418e-05  0.00000000e+00  0.00000000e+00  4.77501419e+00  3.30000000e+00
 5.10780418e-05  0.00000000e+00  0.00000000e+00  4.77502498e+00  3.30000000e+00
 5.11280418e-05  0.00000000e+00  0.00000000e+00  4.77503552e+00  3.30000000e+00
 5.11780418e-05  0.00000000e+00  0.00000000e+00  4.77504584e+00  3.30000000e+00
 5.12280418e-05  0.00000000e+00  0.00000000e+00  4.77505593e+00  3.30000000e+00
 5.12780418e-05  0.00000000e+00  0.00000000e+00  4.77506580e+00  3.30000000e+00
 5.13280418e-05  0.00000000e+00  0.00000000e+00  4.77507546e+00  3.30000000e+00
 5.13780418e-05  0.00000000e+00  0.00000000e+00  4.77508491e+00  3.30000000e+00
 5.14280418e-05  0.00000000e+00  0.00000000e+00  4.77509415e+00  3.30000000e+00
 5.14780418e-05  0.00000000e+00  0.00000000e+00  4.77510319e+00  3.30000000e+00
 5.15280418e-05  0.00000000e+00  0.00000000e+00  4.77511204e+00  3.30000000e+00
 5.15780418e-05  0.00000000e+00  0.00000000e+00  4.77512069e+00  3.30000000e+00
 5.16280418e-05  0.00000000e+00  0.00000000e+00  4.77512915e+00  3.30000000e+00
 5.16780418e-05  0.00000000e+00  0.00000000e+00  4.77513744e+00  3.30000000e+00
 5.17280418e-05  0.00000000e+00  0.00000000e+00  4.77514554e+00  3.30000000e+00
 5.17780418e-05  0.00000000e+00  0.00000000e+00  4.77515346e+00  3.30000000e+00
 5.18280418e-05  0.00000000e+00  0.00000000e+00  4.77516121e+00  3.30000000e+00
 5.18780418e-05  0.00000000e+00  0.00000000e+00  4.77516880e+00  3.30000000e+00
 5.19280418e-05  0.00000000e+00  0.00000000e+00  4.77517621e+00  3.30000000e+00
 5.19780418e-05  0.00000000e+00  0.00000000e+00  4.77518347e+00  3.30000000e+00
 5.20280418e-05  0.00000000e+00  0.00000000e+00  4.77519057e+00  3.30000000e+00
 5.20780418e-05  0.00000000e+00  0.00000000e+00  4.77519751e+00  3.30000000e+00
 5.21280418e-05  0.00000000e+00  0.00000000e+00  4.77520431e+00  3.30000000e+00
 5.21780418e-05  0.00000000e+00  0.00000000e+00  4.77521095e+00  3.30000000e+00
 5.22280418e-05  0.00000000e+00  0.00000000e+00  4.77521745e+00  3.30000000e+00
 5.22780418e-05  0.00000000e+00  0.00000000e+00  4.77522381e+00  3.30000000e+00
 5.23280418e-05  0.00000000e+00  0.00000000e+00  4.77523003e+00  3.30000000e+00
 5.23780418e-05  0.00000000e+00  0.00000000e+00  4.77523612e+00  3.30000000e+00
 5.24280418e-05  0.00000000e+00  0.00000000e+00  4.77524207e+00  3.30000000e+00
 5.24780418e-05  0.00000000e+00  0.00000000e+00  4.77524790e+00  3.30000000e+00
 5.25280418e-05  0.00000000e+00  0.00000000e+00  4.77525360e+00  3.30000000e+00
 5.25780418e-05  0.00000000e+00  0.00000000e+00  4.77525917e+00  3.30000000e+00
 5.26280418e-05  0.00000000e+00  0.00000000e+00  4.77526462e+00  3.30000000e+00
 5.26780418e-05  0.00000000e+00  0.00000000e+00  4.77526996e+00  3.30000000e+00
 5.27280418e-05  0.00000000e+00  0.00000000e+00  4.77527517e+00  3.30000000e+00
 5.27780418e-05  0.00000000e+00  0.00000000e+00  4.77528028e+00  3.30000000e+00
 5.28280418e-05  0.00000000e+00  0.00000000e+00  4.77528527e+00  3.30000000e+00
 5.28780418e-05  0.00000000e+00  0.00000000e+00  4.77529016e+00  3.30000000e+00
 5.29280418e-05  0.00000000e+00  0.00000000e+00  4.77529494e+00  3.30000000e+00
 5.29780418e-05  0.00000000e+00  0.00000000e+00  4.77529961e+00  3.30000000e+00
 5.30280418e-05  0.00000000e+00  0.00000000e+00  4.77530418e+00  3.30000000e+00
 5.30780418e-05  0.00000000e+00  0.00000000e+00  4.77530866e+00  3.30000000e+00
 5.31280418e-05  0.00000000e+00  0.00000000e+00  4.77531303e+00  3.30000000e+00
 5.31780418e-05  0.00000000e+00  0.00000000e+00  4.77531732e+00  3.30000000e+00
 5.32280418e-05  0.00000000e+00  0.00000000e+00  4.77532150e+00  3.30000000e+00
 5.32780418e-05  0.00000000e+00  0.00000000e+00  4.77532560e+00  3.30000000e+00
 5.33280418e-05  0.00000000e+00  0.00000000e+00  4.77532961e+00  3.30000000e+00
 5.33780418e-05  0.00000000e+00  0.00000000e+00  4.77533353e+00  3.30000000e+00
 5.34280418e-05  0.00000000e+00  0.00000000e+00  4.77533736e+00  3.30000000e+00
 5.34780418e-05  0.00000000e+00  0.00000000e+00  4.77534112e+00  3.30000000e+00
 5.35280418e-05  0.00000000e+00  0.00000000e+00  4.77534478e+00  3.30000000e+00
 5.35780418e-05  0.00000000e+00  0.00000000e+00  4.77534838e+00  3.30000000e+00
 5.36280418e-05  0.00000000e+00  0.00000000e+00  4.77535189e+00  3.30000000e+00
 5.36780418e-05  0.00000000e+00  0.00000000e+00  4.77535533e+00  3.30000000e+00
 5.37280418e-05  0.00000000e+00  0.00000000e+00  4.77535868e+00  3.30000000e+00
 5.37780418e-05  0.00000000e+00  0.00000000e+00  4.77536197e+00  3.30000000e+00
 5.38280418e-05  0.00000000e+00  0.00000000e+00  4.77536519e+00  3.30000000e+00
 5.38780418e-05  0.00000000e+00  0.00000000e+00  4.77536834e+00  3.30000000e+00
 5.39280418e-05  0.00000000e+00  0.00000000e+00  4.77537141e+00  3.30000000e+00
 5.39780418e-05  0.00000000e+00  0.00000000e+00  4.77537443e+00  3.30000000e+00
 5.40280418e-05  0.00000000e+00  0.00000000e+00  4.77537737e+00  3.30000000e+00
 5.40780418e-05  0.00000000e+00  0.00000000e+00  4.77538025e+00  3.30000000e+00
 5.41280418e-05  0.00000000e+00  0.00000000e+00  4.77538307e+00  3.30000000e+00
 5.41780418e-05  0.00000000e+00  0.00000000e+00  4.77538583e+00  3.30000000e+00
 5.42280418e-05  0.00000000e+00  0.00000000e+00  4.77538853e+00  3.30000000e+00
 5.42780418e-05  0.00000000e+00  0.00000000e+00  4.77539117e+00  3.30000000e+00
 5.43280418e-05  0.00000000e+00  0.00000000e+00  4.77539375e+00  3.30000000e+00
 5.43780418e-05  0.00000000e+00  0.00000000e+00  4.77539628e+00  3.30000000e+00
 5.44280418e-05  0.00000000e+00  0.00000000e+00  4.77539874e+00  3.30000000e+00
 5.44780418e-05  0.00000000e+00  0.00000000e+00  4.77540116e+00  3.30000000e+00
 5.45280418e-05  0.00000000e+00  0.00000000e+00  4.77540352e+00  3.30000000e+00
 5.45780418e-05  0.00000000e+00  0.00000000e+00  4.77540584e+00  3.30000000e+00
 5.46280418e-05  0.00000000e+00  0.00000000e+00  4.77540810e+00  3.30000000e+00
 5.46780418e-05  0.00000000e+00  0.00000000e+00  4.77541032e+00  3.30000000e+00
 5.47280418e-05  0.00000000e+00  0.00000000e+00  4.77541248e+00  3.30000000e+00
 5.47780418e-05  0.00000000e+00  0.00000000e+00  4.77541460e+00  3.30000000e+00
 5.48280418e-05  0.00000000e+00  0.00000000e+00  4.77541667e+00  3.30000000e+00
 5.48780418e-05  0.00000000e+00  0.00000000e+00  4.77541870e+00  3.30000000e+00
 5.49280418e-05  0.00000000e+00  0.00000000e+00  4.77542068e+00  3.30000000e+00
 5.49780418e-05  0.00000000e+00  0.00000000e+00  4.77542262e+00  3.30000000e+00
 5.50000000e-05  0.00000000e+00  0.00000000e+00  4.77542346e+00  3.30000000e+00
 5.50050000e-05  0.00000000e+00  1.65000000e-01  4.77542365e+00  3.30000000e+00
 5.50150000e-05  0.00000000e+00  4.95000000e-01  4.77542403e+00  3.30000000e+00
 5.50277652e-05  0.00000000e+00  9.16250000e-01  4.77542451e+00  3.30000000e+00
 5.50323130e-05  0.00000000e+00  1.06632812e+00  4.77542468e+00  3.30000000e+00
 5.50402717e-05  0.00000000e+00  1.32896484e+00  4.77542497e+00  3.30000000e+00
 5.50424745e-05  0.00000000e+00  1.40165894e+00  4.77542506e+00  3.30000000e+00
 5.50463295e-05  0.00000000e+00  1.52887360e+00  4.77542520e+00  3.30000000e+00
 5.50477483e-05  0.00000000e+00  1.57569470e+00  4.77542525e+00  3.30000000e+00
 5.50486586e-05  0.00000000e+00  1.60573426e+00  4.77542529e+00  3.30000000e+00
 5.50491801e-05  0.00000000e+00  1.62294415e+00  4.77542531e+00  3.30000000e+00
 5.50494850e-05  0.00000000e+00  1.63300385e+00  4.77542532e+00  3.30000000e+00
 5.50496625e-05  0.00000000e+00  1.63886249e+00  4.77542532e+00  3.30000000e+00
 5.50497660e-05  0.00000000e+00  1.64227678e+00  4.77542533e+00  3.30000000e+00
 5.50499729e-05  0.00000000e+00  1.64910535e+00  4.77542534e+00  3.30000000e+00
 5.50500209e-05  0.00000000e+00  1.65068997e+00  4.75286080e+00  3.30000000e+00
 5.50500564e-05  0.00000000e+00  1.65186159e+00  4.71962176e+00  3.30000000e+00
 5.50500814e-05  0.00000000e+00  1.65268545e+00  4.69639148e+00  3.30000000e+00
 5.50501083e-05  0.00000000e+00  1.65357271e+00  4.67149959e+00  3.30000000e+00
 5.50501616e-05  0.00000000e+00  1.65533299e+00  4.62250729e+00  3.30000000e+00
 5.50502304e-05  0.00000000e+00  1.65760315e+00  4.56008217e+00  3.30000000e+00
 5.50503680e-05  0.00000000e+00  1.66214348e+00  4.43775098e+00  3.30000000e+00
 5.50506432e-05  0.00000000e+00  1.67122414e+00  4.20282703e+00  3.30000000e+00
 5.50511935e-05  0.00000000e+00  1.68938545e+00  3.76942313e+00  3.30000000e+00
 5.50522942e-05  0.00000000e+00  1.72570808e+00  3.03048946e+00  3.30000000e+00
 5.50536468e-05  0.00000000e+00  1.77034355e+00  2.31713544e+00  3.30000000e+00
 5.50552944e-05  0.00000000e+00  1.82471616e+00  1.67029982e+00  3.30000000e+00
 5.50571562e-05  0.00000000e+00  1.88615444e+00  1.15402788e+00  3.30000000e+00
 5.50592371e-05  0.00000000e+00  1.95482483e+00  7.63887717e-01  3.30000000e+00
 5.50611595e-05  0.00000000e+00  2.01826328e+00  5.23538038e-01  3.30000000e+00
 5.50631332e-05  0.00000000e+00  2.08339459e+00  3.56406474e-01  3.30000000e+00
 5.50650376e-05  0.00000000e+00  2.14624184e+00  2.47214743e-01  3.30000000e+00
 5.50670230e-05  0.00000000e+00  2.21176026e+00  1.69983788e-01  3.30000000e+00
 5.50689697e-05  0.00000000e+00  2.27600128e+00  1.18932372e-01  3.30000000e+00
 5.50709783e-05  0.00000000e+00  2.34228329e+00  8.34176917e-02  3.30000000e+00
 5.50729705e-05  0.00000000e+00  2.40802795e+00  5.98019699e-02  3.30000000e+00
 5.50750321e-05  0.00000000e+00  2.47605827e+00  4.34671186e-02  3.30000000e+00
 5.50771132e-05  0.00000000e+00  2.54473560e+00  3.25449075e-02  3.30000000e+00
 5.50792929e-05  0.00000000e+00  2.61666506e+00  2.50356550e-02  3.30000000e+00
 5.50815485e-05  0.00000000e+00  2.69109968e+00  2.00182429e-02  3.30000000e+00
 5.50839705e-05  0.00000000e+00  2.77102554e+00  1.66073547e-02  3.30000000e+00
 5.50865687e-05  0.00000000e+00  2.85676787e+00  1.43607395e-02  3.30000000e+00
 5.50894724e-05  0.00000000e+00  2.95258910e+00  1.28770390e-02  3.30000000e+00
 5.50927415e-05  0.00000000e+00  3.06047065e+00  1.19427241e-02  3.30000000e+00
 5.50966029e-05  0.00000000e+00  3.18789443e+00  1.13648498e-02  3.30000000e+00
 5.51000000e-05  0.00000000e+00  3.30000000e+00  1.11020775e-02  3.30000000e+00
 5.51004628e-05  0.00000000e+00  3.30000000e+00  1.10777972e-02  3.30000000e+00
 5.51013885e-05  0.00000000e+00  3.30000000e+00  1.10326506e-02  3.30000000e+00
 5.51032398e-05  0.00000000e+00  3.30000000e+00  1.09586704e-02  3.30000000e+00
 5.51069424e-05  0.00000000e+00  3.30000000e+00  1.08561117e-02  3.30000000e+00
 5.51143477e-05  0.00000000e+00  3.30000000e+00  1.07467653e-02  3.30000000e+00
 5.51212694e-05  0.00000000e+00  3.30000000e+00  1.06991366e-02  3.30000000e+00
 5.51275925e-05  0.00000000e+00  3.30000000e+00  1.06725700e-02  3.30000000e+00
 5.51343589e-05  0.00000000e+00  3.30000000e+00  1.06536948e-02  3.30000000e+00
 5.51409613e-05  0.00000000e+00  3.30000000e+00  1.06413517e-02  3.30000000e+00
 5.51478315e-05  0.00000000e+00  3.30000000e+00  1.06326642e-02  3.30000000e+00
 5.51545431e-05  0.00000000e+00  3.30000000e+00  1.06269374e-02  3.30000000e+00
 5.51614217e-05  0.00000000e+00  3.30000000e+00  1.06229521e-02  3.30000000e+00
 5.51681537e-05  0.00000000e+00  3.30000000e+00  1.06203146e-02  3.30000000e+00
 5.51750532e-05  0.00000000e+00  3.30000000e+00  1.06184743e-02  3.30000000e+00
 5.51821582e-05  0.00000000e+00  3.30000000e+00  1.06172057e-02  3.30000000e+00
 5.51908295e-05  0.00000000e+00  3.30000000e+00  1.06162033e-02  3.30000000e+00
 5.51931724e-05  0.00000000e+00  3.30000000e+00  1.06160145e-02  3.30000000e+00
 5.51942700e-05  0.00000000e+00  3.30000000e+00  1.06159301e-02  1.85673445e+00
 5.51949606e-05  0.00000000e+00  3.30000000e+00  1.06158843e-02  6.36985694e-01
 5.51951364e-05  0.00000000e+00  3.30000000e+00  1.06158695e-02  4.95890789e-01
 5.51953419e-05  0.00000000e+00  3.30000000e+00  1.06158579e-02  3.69928889e-01
 5.51955663e-05  0.00000000e+00  3.30000000e+00  1.06158407e-02  2.68439618e-01
 5.51958264e-05  0.00000000e+00  3.30000000e+00  1.06158253e-02  1.84933312e-01
 5.51961126e-05  0.00000000e+00  3.30000000e+00  1.06158049e-02  1.22594143e-01
 5.51963837e-05  0.00000000e+00  3.30000000e+00  1.06157890e-02  8.31012526e-02
 5.51966564e-05  0.00000000e+00  3.30000000e+00  1.06157703e-02  5.62025675e-02
 5.51969223e-05  0.00000000e+00  3.30000000e+00  1.06157550e-02  3.83883178e-02
 5.51971947e-05  0.00000000e+00  3.30000000e+00  1.06157370e-02  2.59723221e-02
 5.51974631e-05  0.00000000e+00  3.30000000e+00  1.06157218e-02  1.76732952e-02
 5.51977353e-05  0.00000000e+00  3.30000000e+00  1.06157046e-02  1.19619553e-02
 5.51980040e-05  0.00000000e+00  3.30000000e+00  1.06156897e-02  8.13602562e-03
 5.51982755e-05  0.00000000e+00  3.30000000e+00  1.06156732e-02  5.51239454e-03
 5.51985447e-05  0.00000000e+00  3.30000000e+00  1.06156586e-02  3.74702377e-03
 5.51988158e-05  0.00000000e+00  3.30000000e+00  1.06156427e-02  2.53986274e-03
 5.51990853e-05  0.00000000e+00  3.30000000e+00  1.06156284e-02  1.72566865e-03
 5.51993561e-05  0.00000000e+00  3.30000000e+00  1.06156131e-02  1.17015985e-03
 5.51996259e-05  0.00000000e+00  3.30000000e+00  1.06155991e-02  7.94806778e-04
 5.51998965e-05  0.00000000e+00  3.30000000e+00  1.06155843e-02  5.39093101e-04
 5.52001992e-05  0.00000000e+00  3.30000000e+00  1.06155690e-02  3.48751270e-04
 5.52005472e-05  0.00000000e+00  3.30000000e+00  1.06155508e-02  2.10857931e-04
 5.52009522e-05  0.00000000e+00  3.30000000e+00  1.06155310e-02  1.16845281e-04
 5.52014263e-05  0.00000000e+00  3.30000000e+00  1.06155074e-02  5.81080213e-05
 5.52019979e-05  0.00000000e+00  3.30000000e+00  1.06154807e-02  2.46174411e-05
 5.52027069e-05  0.00000000e+00  3.30000000e+00  1.06154479e-02  8.15976607e-06
 5.52036301e-05  0.00000000e+00  3.30000000e+00  1.06154080e-02  1.70768840e-06
 5.52049028e-05  0.00000000e+00  3.30000000e+00  1.06153553e-02  8.85641480e-08
 5.52068348e-05  0.00000000e+00  3.30000000e+00  1.06152830e-02 -1.37732640e-08
 5.52102313e-05  0.00000000e+00  3.30000000e+00  1.06151724e-02  5.68431882e-09
 5.52170241e-05  0.00000000e+00  3.30000000e+00  1.06150051e-02 -3.72788809e-09
 5.52306098e-05  0.00000000e+00  3.30000000e+00  1.06148080e-02  3.02595754e-09
 5.52527991e-05  0.00000000e+00  3.30000000e+00  1.06146856e-02 -2.66389783e-09
 5.52769259e-05  0.00000000e+00  3.30000000e+00  1.06146551e-02  2.36933860e-09
 5.53113797e-05  0.00000000e+00  3.30000000e+00  1.06146483e-02 -2.18278626e-09
 5.53602089e-05  0.00000000e+00  3.30000000e+00  1.06146478e-02  2.06009742e-09
 5.54102089e-05  0.00000000e+00  3.30000000e+00  1.06146482e-02 -1.94694147e-09
 5.54602089e-05  0.00000000e+00  3.30000000e+00  1.06146478e-02  1.84000089e-09
 5.55102089e-05  0.00000000e+00  3.30000000e+00  1.06146482e-02 -1.73893428e-09
 5.55602089e-05  0.00000000e+00  3.30000000e+00  1.06146478e-02  1.64341902e-09
 5.56102089e-05  0.00000000e+00  3.30000000e+00  1.06146482e-02 -1.55315016e-09
 5.56602089e-05  0.00000000e+00  3.30000000e+00  1.06146478e-02  1.46783954e-09
 5.57102089e-05  0.00000000e+00  3.30000000e+00  1.06146482e-02 -1.38721482e-09
 5.57602089e-05  0.00000000e+00  3.30000000e+00  1.06146478e-02  1.31101861e-09
 5.58102089e-05  0.00000000e+00  3.30000000e+00  1.06146482e-02 -1.23900767e-09
 5.58602089e-05  0.00000000e+00  3.30000000e+00  1.06146478e-02  1.17095211e-09
 5.59102089e-05  0.00000000e+00  3.30000000e+00  1.06146482e-02 -1.10663467e-09
 5.59602089e-05  0.00000000e+00  3.30000000e+00  1.06146478e-02  1.04585002e-09
 5.60102089e-05  0.00000000e+00  3.30000000e+00  1.06146482e-02 -9.88404117e-10
 5.60602089e-05  0.00000000e+00  3.30000000e+00  1.06146478e-02  9.34113575e-10
 5.61102089e-05  0.00000000e+00  3.30000000e+00  1.06146482e-02 -8.82805074e-10
 5.61602089e-05  0.00000000e+00  3.30000000e+00  1.06146478e-02  8.34314821e-10
 5.62102089e-05  0.00000000e+00  3.30000000e+00  1.06146482e-02 -7.88488014e-10
 5.62602089e-05  0.00000000e+00  3.30000000e+00  1.06146478e-02  7.45178358e-10
 5.63102089e-05  0.00000000e+00  3.30000000e+00  1.06146482e-02 -7.04247593e-10
 5.63602089e-05  0.00000000e+00  3.30000000e+00  1.06146478e-02  6.65565051e-10
 5.64102089e-05  0.00000000e+00  3.30000000e+00  1.06146482e-02 -6.29007243e-10
 5.64602089e-05  0.00000000e+00  3.30000000e+00  1.06146478e-02  5.94457463e-10
 5.65102089e-05  0.00000000e+00  3.30000000e+00  1.06146482e-02 -5.61805416e-10
 5.65602089e-05  0.00000000e+00  3.30000000e+00  1.06146478e-02  5.30946863e-10
 5.66102089e-05  0.00000000e+00  3.30000000e+00  1.06146482e-02 -5.01783292e-10
 5.66602089e-05  0.00000000e+00  3.30000000e+00  1.06146478e-02  4.74221603e-10
 5.67102089e-05  0.00000000e+00  3.30000000e+00  1.06146482e-02 -4.48173807e-10
 5.67602089e-05  0.00000000e+00  3.30000000e+00  1.06146478e-02  4.23556752e-10
 5.68102089e-05  0.00000000e+00  3.30000000e+00  1.06146482e-02 -4.00291849e-10
 5.68602089e-05  0.00000000e+00  3.30000000e+00  1.06146478e-02  3.78304828e-10
 5.69102089e-05  0.00000000e+00  3.30000000e+00  1.06146482e-02 -3.57525499e-10
 5.69602089e-05  0.00000000e+00  3.30000000e+00  1.06146478e-02  3.37887526e-10
 5.70102089e-05  0.00000000e+00  3.30000000e+00  1.06146482e-02 -3.19328218e-10
 5.70602089e-05  0.00000000e+00  3.30000000e+00  1.06146478e-02  3.01788325e-10
 5.71102089e-05  0.00000000e+00  3.30000000e+00  1.06146482e-02 -2.85211854e-10
 5.71602089e-05  0.00000000e+00  3.30000000e+00  1.06146478e-02  2.69545887e-10
 5.72102089e-05  0.00000000e+00  3.30000000e+00  1.06146482e-02 -2.54740412e-10
 5.72602089e-05  0.00000000e+00  3.30000000e+00  1.06146478e-02  2.40748165e-10
 5.73102089e-05  0.00000000e+00  3.30000000e+00  1.06146482e-02 -2.27524476e-10
 5.73602089e-05  0.00000000e+00  3.30000000e+00  1.06146478e-02  2.15027131e-10
 5.74102089e-05  0.00000000e+00  3.30000000e+00  1.06146482e-02 -2.03216233e-10
 5.74602089e-05  0.00000000e+00  3.30000000e+00  1.06146478e-02  1.92054079e-10
 5.75102089e-05  0.00000000e+00  3.30000000e+00  1.06146482e-02 -1.81505033e-10
 5.75602089e-05  0.00000000e+00  3.30000000e+00  1.06146478e-02  1.71535420e-10
 5.76102089e-05  0.00000000e+00  3.30000000e+00  1.06146482e-02 -1.62113412e-10
 5.76602089e-05  0.00000000e+00  3.30000000e+00  1.06146478e-02  1.53208932e-10
 5.77102089e-05  0.00000000e+00  3.30000000e+00  1.06146482e-02 -1.44793552e-10
 5.77602089e-05  0.00000000e+00  3.30000000e+00  1.06146478e-02  1.36840408e-10
 5.78102089e-05  0.00000000e+00  3.30000000e+00  1.06146482e-02 -1.29324110e-10
 5.78602089e-05  0.00000000e+00  3.30000000e+00  1.06146478e-02  1.22220663e-10
 5.79102089e-05  0.00000000e+00  3.30000000e+00  1.06146482e-02 -1.15507391e-10
 5.79602089e-05  0.00000000e+00  3.30000000e+00  1.06146478e-02  1.09162861e-10
 5.80102089e-05  0.00000000e+00  3.30000000e+00  1.06146482e-02 -1.03166821e-10
 5.80602089e-05  0.00000000e+00  3.30000000e+00  1.06146478e-02  9.75001280e-11
 5.81102089e-05  0.00000000e+00  3.30000000e+00  1.06146482e-02 -9.21446921e-11
 5.81602089e-05  0.00000000e+00  3.30000000e+00  1.06146478e-02  8.70834168e-11
 5.82102089e-05  0.00000000e+00  3.30000000e+00  1.06146482e-02 -8.23001446e-11
 5.82602089e-05  0.00000000e+00  3.30000000e+00  1.06146478e-02  7.77796055e-11
 5.83102089e-05  0.00000000e+00  3.30000000e+00  1.06146482e-02 -7.35073681e-11
 5.83602089e-05  0.00000000e+00  3.30000000e+00  1.06146478e-02  6.94697940e-11
 5.84102089e-05  0.00000000e+00  3.30000000e+00  1.06146482e-02 -6.56539936e-11
 5.84602089e-05  0.00000000e+00  3.30000000e+00  1.06146478e-02  6.20477855e-11
 5.85102089e-05  0.00000000e+00  3.30000000e+00  1.06146482e-02 -5.86396573e-11
 5.85602089e-05  0.00000000e+00  3.30000000e+00  1.06146478e-02  5.54187290e-11
 5.86102089e-05  0.00000000e+00  3.30000000e+00  1.06146482e-02 -5.23747181e-11
 5.86602089e-05  0.00000000e+00  3.30000000e+00  1.06146478e-02  4.94979071e-11
 5.87102089e-05  0.00000000e+00  3.30000000e+00  1.06146482e-02 -4.67791121e-11
 5.87602089e-05  0.00000000e+00  3.30000000e+00  1.06146478e-02  4.42096535e-11
 5.88102089e-05  0.00000000e+00  3.30000000e+00  1.06146482e-02 -4.17813289e-11
 5.88602089e-05  0.00000000e+00  3.30000000e+00  1.06146478e-02  3.94863860e-11
 5.89102089e-05  0.00000000e+00  3.30000000e+00  1.06146482e-02 -3.73174985e-11
 5.89602089e-05  0.00000000e+00  3.30000000e+00  1.06146478e-02  3.52677425e-11
 5.90102089e-05  0.00000000e+00  3.30000000e+00  1.06146482e-02 -3.33305745e-11
 5.90602089e-05  0.00000000e+00  3.30000000e+00  1.06146478e-02  3.14998102e-11
 5.91102089e-05  0.00000000e+00  3.30000000e+00  1.06146482e-02 -2.97696052e-11
 5.91602089e-05  0.00000000e+00  3.30000000e+00  1.06146478e-02  2.81344359e-11
 5.92102089e-05  0.00000000e+00  3.30000000e+00  1.06146482e-02 -2.65890824e-11
 5.92602089e-05  0.00000000e+00  3.30000000e+00  1.06146478e-02  2.51286112e-11
 5.93102089e-05  0.00000000e+00  3.30000000e+00  1.06146482e-02 -2.37483601e-11
 5.93602089e-05  0.00000000e+00  3.30000000e+00  1.06146478e-02  2.24439226e-11
 5.94102089e-05  0.00000000e+00  3.30000000e+00  1.06146482e-02 -2.12111346e-11
 5.94602089e-05  0.00000000e+00  3.30000000e+00  1.06146478e-02  2.00460605e-11
 5.95102089e-05  0.00000000e+00  3.30000000e+00  1.06146482e-02 -1.89449810e-11
 5.95602089e-05  0.00000000e+00  3.30000000e+00  1.06146478e-02  1.79043811e-11
 5.96102089e-05  0.00000000e+00  3.30000000e+00  1.06146482e-02 -1.69209386e-11
 5.96602089e-05  0.00000000e+00  3.30000000e+00  1.06146478e-02  1.59915142e-11
 5.97102089e-05  0.00000000e+00  3.30000000e+00  1.06146482e-02 -1.51131407e-11
 5.97602089e-05  0.00000000e+00  3.30000000e+00  1.06146478e-02  1.42830140e-11
 5.98102089e-05  0.00000000e+00  3.30000000e+00  1.06146482e-02 -1.34984841e-11
 5.98602089e-05  0.00000000e+00  3.30000000e+00  1.06146478e-02  1.27570465e-11
 5.99102089e-05  0.00000000e+00  3.30000000e+00  1.06146482e-02 -1.20563341e-11
 5.99602089e-05  0.00000000e+00  3.30000000e+00  1.06146478e-02  1.13941101e-11
 6.00102089e-05  0.00000000e+00  3.30000000e+00  1.06146482e-02 -1.07682604e-11
 6.00602089e-05  0.00000000e+00  3.30000000e+00  1.06146478e-02  1.01767871e-11
 6.01102089e-05  0.00000000e+00  3.30000000e+00  1.06146482e-02 -9.61780186e-12
 6.01602089e-05  0.00000000e+00  3.30000000e+00  1.06146478e-02  9.08952029e-12
 6.02102089e-05  0.00000000e+00  3.30000000e+00  1.06146482e-02 -8.59025589e-12
 6.02602089e-05  0.00000000e+00  3.30000000e+00  1.06146478e-02  8.11841482e-12
 6.03102089e-05  0.00000000e+00  3.30000000e+00  1.06146482e-02 -7.67249079e-12
 6.03602089e-05  0.00000000e+00  3.30000000e+00  1.06146478e-02  7.25106024e-12
 6.04102089e-05  0.00000000e+00  3.30000000e+00  1.06146482e-02 -6.85277781e-12
 6.04602089e-05  0.00000000e+00  3.30000000e+00  1.06146478e-02  6.47637203e-12
 6.05102089e-05  0.00000000e+00  3.30000000e+00  1.06146482e-02 -6.12064127e-12
 6.05602089e-05  0.00000000e+00  3.30000000e+00  1.06146478e-02  5.78444990e-12
 6.06102089e-05  0.00000000e+00  3.30000000e+00  1.06146482e-02 -5.46672467e-12
 6.06602089e-05  0.00000000e+00  3.30000000e+00  1.06146478e-02  5.16645129e-12
 6.07102089e-05  0.00000000e+00  3.30000000e+00  1.06146482e-02 -4.88267116e-12
 6.07602089e-05  0.00000000e+00  3.30000000e+00  1.06146478e-02  4.61447836e-12
 6.08102089e-05  0.00000000e+00  3.30000000e+00  1.06146482e-02 -4.36101672e-12
 6.08602089e-05  0.00000000e+00  3.30000000e+00  1.06146478e-02  4.12147708e-12
 6.09102089e-05  0.00000000e+00  3.30000000e+00  1.06146482e-02 -3.89509475e-12
 6.09602089e-05  0.00000000e+00  3.30000000e+00  1.06146478e-02  3.68114703e-12
 6.10102089e-05  0.00000000e+00  3.30000000e+00  1.06146482e-02 -3.47895092e-12
 6.10602089e-05  0.00000000e+00  3.30000000e+00  1.06146479e-02  3.28786093e-12
 6.11102089e-05  0.00000000e+00  3.30000000e+00  1.06146482e-02 -3.10726703e-12
 6.11602089e-05  0.00000000e+00  3.30000000e+00  1.06146479e-02  2.93659270e-12
 6.12102089e-05  0.00000000e+00  3.30000000e+00  1.06146482e-02 -2.77529307e-12
 6.12602089e-05  0.00000000e+00  3.30000000e+00  1.06146479e-02  2.62285323e-12
 6.13102089e-05  0.00000000e+00  3.30000000e+00  1.06146482e-02 -2.47878653e-12
 6.13602089e-05  0.00000000e+00  3.30000000e+00  1.06146479e-02  2.34263304e-12
 6.14102089e-05  0.00000000e+00  3.30000000e+00  1.06146482e-02 -2.21395812e-12
 6.14602089e-05  0.00000000e+00  3.30000000e+00  1.06146479e-02  2.09235099e-12
 6.15102089e-05  0.00000000e+00  3.30000000e+00  1.06146482e-02 -1.97742344e-12
 6.15602089e-05  0.00000000e+00  3.30000000e+00  1.06146479e-02  1.86880856e-12
 6.16102089e-05  0.00000000e+00  3.30000000e+00  1.06146482e-02 -1.76615963e-12
 6.16602089e-05  0.00000000e+00  3.30000000e+00  1.06146479e-02  1.66914894e-12
 6.17102089e-05  0.00000000e+00  3.30000000e+00  1.06146482e-02 -1.57746680e-12
 6.17602089e-05  0.00000000e+00  3.30000000e+00  1.06146479e-02  1.49082053e-12
 6.18102089e-05  0.00000000e+00  3.30000000e+00  1.06146482e-02 -1.40893352e-12
 6.18602089e-05  0.00000000e+00  3.30000000e+00  1.06146479e-02  1.33154436e-12
 6.19102089e-05  0.00000000e+00  3.30000000e+00  1.06146482e-02 -1.25840599e-12
 6.19602089e-05  0.00000000e+00  3.30000000e+00  1.06146479e-02  1.18928493e-12
 6.20102089e-05  0.00000000e+00  3.30000000e+00  1.06146482e-02 -1.12396051e-12
 6.20602089e-05  0.00000000e+00  3.30000000e+00  1.06146479e-02  1.06222420e-12
 6.21102089e-05  0.00000000e+00  3.30000000e+00  1.06146482e-02 -1.00387890e-12
 6.21602089e-05  0.00000000e+00  3.30000000e+00  1.06146479e-02  9.48738371e-13
 6.22102089e-05  0.00000000e+00  3.30000000e+00  1.06146482e-02 -8.96626568e-13
 6.22602089e-05  0.00000000e+00  3.30000000e+00  1.06146479e-02  8.47377134e-13
 6.23102089e-05  0.00000000e+00  3.30000000e+00  1.06146482e-02 -8.00832848e-13
 6.23602089e-05  0.00000000e+00  3.30000000e+00  1.06146479e-02  7.56845121e-13
 6.24102089e-05  0.00000000e+00  3.30000000e+00  1.06146482e-02 -7.15273530e-13
 6.24602089e-05  0.00000000e+00  3.30000000e+00  1.06146479e-02  6.75985361e-13
 6.25102089e-05  0.00000000e+00  3.30000000e+00  1.06146482e-02 -6.38855192e-13
 6.25602089e-05  0.00000000e+00  3.30000000e+00  1.06146479e-02  6.03764489e-13
 6.26102089e-05  0.00000000e+00  3.30000000e+00  1.06146482e-02 -5.70601230e-13
 6.26602089e-05  0.00000000e+00  3.30000000e+00  1.06146479e-02  5.39259545e-13
 6.27102089e-05  0.00000000e+00  3.30000000e+00  1.06146482e-02 -5.09639380e-13
 6.27602089e-05  0.00000000e+00  3.30000000e+00  1.06146479e-02  4.81646176e-13
 6.28102089e-05  0.00000000e+00  3.30000000e+00  1.06146482e-02 -4.55190567e-13
 6.28602089e-05  0.00000000e+00  3.30000000e+00  1.06146479e-02  4.30188099e-13
 6.29102089e-05  0.00000000e+00  3.30000000e+00  1.06146482e-02 -4.06558953e-13
 6.29602089e-05  0.00000000e+00  3.30000000e+00  1.06146479e-02  3.84227696e-13
 6.30102089e-05  0.00000000e+00  3.30000000e+00  1.06146482e-02 -3.63123039e-13
 6.30602089e-05  0.00000000e+00  3.30000000e+00  1.06146479e-02  3.43177607e-13
 6.31102089e-05  0.00000000e+00  3.30000000e+00  1.06146482e-02 -3.24327728e-13
 6.31602089e-05  0.00000000e+00  3.30000000e+00  1.06146479e-02  3.06513224e-13
 6.32102089e-05  0.00000000e+00  3.30000000e+00  1.06146482e-02 -2.89677227e-13
 6.32602089e-05  0.00000000e+00  3.30000000e+00  1.06146479e-02  2.73765988e-13
 6.33102089e-05  0.00000000e+00  3.30000000e+00  1.06146482e-02 -2.58728714e-13
 6.33602089e-05  0.00000000e+00  3.30000000e+00  1.06146479e-02  2.44517399e-13
 6.34102089e-05  0.00000000e+00  3.30000000e+00  1.06146482e-02 -2.31086675e-13
 6.34602089e-05  0.00000000e+00  3.30000000e+00  1.06146479e-02  2.18393668e-13
 6.35102089e-05  0.00000000e+00  3.30000000e+00  1.06146482e-02 -2.06397855e-13
 6.35602089e-05  0.00000000e+00  3.30000000e+00  1.06146479e-02  1.95060942e-13
 6.36102089e-05  0.00000000e+00  3.30000000e+00  1.06146482e-02 -1.84346737e-13
 6.36602089e-05  0.00000000e+00  3.30000000e+00  1.06146479e-02  1.74221036e-13
 6.37102089e-05  0.00000000e+00  3.30000000e+00  1.06146482e-02 -1.64651515e-13
 6.37602089e-05  0.00000000e+00  3.30000000e+00  1.06146479e-02  1.55607623e-13
 6.38102089e-05  0.00000000e+00  3.30000000e+00  1.06146482e-02 -1.47060489e-13
 6.38602089e-05  0.00000000e+00  3.30000000e+00  1.06146479e-02  1.38982827e-13
 6.39102089e-05  0.00000000e+00  3.30000000e+00  1.06146482e-02 -1.31348852e-13
 6.39602089e-05  0.00000000e+00  3.30000000e+00  1.06146479e-02  1.24134191e-13
 6.40102089e-05  0.00000000e+00  3.30000000e+00  1.06146482e-02 -1.17315813e-13
 6.40602089e-05  0.00000000e+00  3.30000000e+00  1.06146479e-02  1.10871952e-13
 6.41102089e-05  0.00000000e+00  3.30000000e+00  1.06146482e-02 -1.04782035e-13
 6.41602089e-05  0.00000000e+00  3.30000000e+00  1.06146479e-02  9.90266228e-14
 6.42102089e-05  0.00000000e+00  3.30000000e+00  1.06146482e-02 -9.35873404e-14
 6.42602089e-05  0.00000000e+00  3.30000000e+00  1.06146479e-02  8.84468241e-14
 6.43102089e-05  0.00000000e+00  3.30000000e+00  1.06146482e-02 -8.35886634e-14
 6.43602089e-05  0.00000000e+00  3.30000000e+00  1.06146479e-02  7.89973491e-14
 6.44102089e-05  0.00000000e+00  3.30000000e+00  1.06146482e-02 -7.46582242e-14
 6.44602089e-05  0.00000000e+00  3.30000000e+00  1.06146479e-02  7.05574365e-14
 6.45102089e-05  0.00000000e+00  3.30000000e+00  1.06146482e-02 -6.66818946e-14
 6.45602089e-05  0.00000000e+00  3.30000000e+00  1.06146479e-02  6.30192265e-14
 6.46102089e-05  0.00000000e+00  3.30000000e+00  1.06146482e-02 -5.95577395e-14
 6.46602089e-05  0.00000000e+00  3.30000000e+00  1.06146479e-02  5.62863833e-14
 6.47102089e-05  0.00000000e+00  3.30000000e+00  1.06146482e-02 -5.31947144e-14
 6.47602089e-05  0.00000000e+00  3.30000000e+00  1.06146479e-02  5.02728630e-14
 6.48102089e-05  0.00000000e+00  3.30000000e+00  1.06146482e-02 -4.75115016e-14
 6.48602089e-05  0.00000000e+00  3.30000000e+00  1.06146479e-02  4.49018148e-14
 6.49102089e-05  0.00000000e+00  3.30000000e+00  1.06146482e-02 -4.24354714e-14
 6.49602089e-05  0.00000000e+00  3.30000000e+00  1.06146479e-02  4.01045981e-14
 6.50102089e-05  0.00000000e+00  3.30000000e+00  1.06146482e-02 -3.79017538e-14
 6.50602089e-05  0.00000000e+00  3.30000000e+00  1.06146479e-02  3.58199062e-14
 6.51102089e-05  0.00000000e+00  3.30000000e+00  1.06146482e-02 -3.38524092e-14
 6.51602089e-05  0.00000000e+00  3.30000000e+00  1.06146479e-02  3.19929818e-14
 6.52102089e-05  0.00000000e+00  3.30000000e+00  1.06146481e-02 -3.02356881e-14
 6.52602089e-05  0.00000000e+00  3.30000000e+00  1.06146479e-02  2.85749181e-14
 6.53102089e-05  0.00000000e+00  3.30000000e+00  1.06146481e-02 -2.70053700e-14
 6.53602089e-05  0.00000000e+00  3.30000000e+00  1.06146479e-02  2.55220332e-14
 6.54102089e-05  0.00000000e+00  3.30000000e+00  1.06146481e-02 -2.41201724e-14
 6.54602089e-05  0.00000000e+00  3.30000000e+00  1.06146479e-02  2.27953122e-14
 6.55102089e-05  0.00000000e+00  3.30000000e+00  1.06146481e-02 -2.15432233e-14
 6.55602089e-05  0.00000000e+00  3.30000000e+00  1.06146479e-02  2.03599084e-14
 6.56102089e-05  0.00000000e+00  3.30000000e+00  1.06146481e-02 -1.92415900e-14
 6.56602089e-05  0.00000000e+00  3.30000000e+00  1.06146479e-02  1.81846981e-14
 6.57102089e-05  0.00000000e+00  3.30000000e+00  1.06146481e-02 -1.71858585e-14
 6.57602089e-05  0.00000000e+00  3.30000000e+00  1.06146479e-02  1.62418827e-14
 6.58102089e-05  0.00000000e+00  3.30000000e+00  1.06146481e-02 -1.53497571e-14
 6.58602089e-05  0.00000000e+00  3.30000000e+00  1.06146479e-02  1.45066337e-14
 6.59102089e-05  0.00000000e+00  3.30000000e+00  1.06146481e-02 -1.37098209e-14
 6.59602089e-05  0.00000000e+00  3.30000000e+00  1.06146479e-02  1.29567751e-14
 6.60102089e-05  0.00000000e+00  3.30000000e+00  1.06146481e-02 -1.22450921e-14
 6.60602089e-05  0.00000000e+00  3.30000000e+00  1.06146479e-02  1.15725002e-14
 6.61102089e-05  0.00000000e+00  3.30000000e+00  1.06146481e-02 -1.09368519e-14
 6.61602089e-05  0.00000000e+00  3.30000000e+00  1.06146479e-02  1.03361183e-14
 6.62102089e-05  0.00000000e+00  3.30000000e+00  1.06146481e-02 -9.76838140e-15
 6.62602089e-05  0.00000000e+00  3.30000000e+00  1.06146479e-02  9.23182887e-15
 6.63102089e-05  0.00000000e+00  3.30000000e+00  1.06146481e-02 -8.72474782e-15
 6.63602089e-05  0.00000000e+00  3.30000000e+00  1.06146479e-02  8.24551945e-15
 6.64102089e-05  0.00000000e+00  3.30000000e+00  1.06146481e-02 -7.79261389e-15
 6.64602089e-05  0.00000000e+00  3.30000000e+00  1.06146479e-02  7.36458528e-15
 6.65102089e-05  0.00000000e+00  3.30000000e+00  1.06146481e-02 -6.96006721e-15
 6.65602089e-05  0.00000000e+00  3.30000000e+00  1.06146479e-02  6.57776829e-15
 6.66102089e-05  0.00000000e+00  3.30000000e+00  1.06146481e-02 -6.21646809e-15
 6.66602089e-05  0.00000000e+00  3.30000000e+00  1.06146479e-02  5.87501319e-15
 6.67102089e-05  0.00000000e+00  3.30000000e+00  1.06146481e-02 -5.55231355e-15
 6.67602089e-05  0.00000000e+00  3.30000000e+00  1.06146479e-02  5.24733899e-15
 6.68102089e-05  0.00000000e+00  3.30000000e+00  1.06146481e-02 -4.95911590e-15
 6.68602089e-05  0.00000000e+00  3.30000000e+00  1.06146479e-02  4.68672419e-15
 6.69102089e-05  0.00000000e+00  3.30000000e+00  1.06146481e-02 -4.42929426e-15
 6.69602089e-05  0.00000000e+00  3.30000000e+00  1.06146479e-02  4.18600431e-15
 6.70102089e-05  0.00000000e+00  3.30000000e+00  1.06146481e-02 -3.95607766e-15
 6.70602089e-05  0.00000000e+00  3.30000000e+00  1.06146479e-02  3.73878031e-15
 6.71102089e-05  0.00000000e+00  3.30000000e+00  1.06146481e-02 -3.53341854e-15
 6.71602089e-05  0.00000000e+00  3.30000000e+00  1.06146479e-02  3.33933679e-15
 6.72102089e-05  0.00000000e+00  3.30000000e+00  1.06146481e-02 -3.15591545e-15
 6.72602089e-05  0.00000000e+00  3.30000000e+00  1.06146479e-02  2.98256898e-15
 6.73102089e-05  0.00000000e+00  3.30000000e+00  1.06146481e-02 -2.81874400e-15
 6.73602089e-05  0.00000000e+00  3.30000000e+00  1.06146479e-02  2.66391751e-15
 6.74102089e-05  0.00000000e+00  3.30000000e+00  1.06146481e-02 -2.51759524e-15
 6.74602089e-05  0.00000000e+00  3.30000000e+00  1.06146479e-02  2.37931009e-15
 6.75102089e-05  0.00000000e+00  3.30000000e+00  1.06146481e-02 -2.24862060e-15
 6.75602089e-05  0.00000000e+00  3.30000000e+00  1.06146479e-02  2.12510955e-15
 6.76102089e-05  0.00000000e+00  3.30000000e+00  1.06146481e-02 -2.00838264e-15
 6.76602089e-05  0.00000000e+00  3.30000000e+00  1.06146479e-02  1.89806726e-15
 6.77102089e-05  0.00000000e+00  3.30000000e+00  1.06146481e-02 -1.79381121e-15
 6.77602089e-05  0.00000000e+00  3.30000000e+00  1.06146479e-02  1.69528169e-15
 6.78102089e-05  0.00000000e+00  3.30000000e+00  1.06146481e-02 -1.60216415e-15
 6.78602089e-05  0.00000000e+00  3.30000000e+00  1.06146479e-02  1.51416132e-15
 6.79102089e-05  0.00000000e+00  3.30000000e+00  1.06146481e-02 -1.43099226e-15
 6.79602089e-05  0.00000000e+00  3.30000000e+00  1.06146479e-02  1.35239147e-15
 6.80102089e-05  0.00000000e+00  3.30000000e+00  1.06146481e-02 -1.27810802e-15
 6.80602089e-05  0.00000000e+00  3.30000000e+00  1.06146479e-02  1.20790477e-15
 6.81102089e-05  0.00000000e+00  3.30000000e+00  1.06146481e-02 -1.14155761e-15
 6.81602089e-05  0.00000000e+00  3.30000000e+00  1.06146479e-02  1.07885474e-15
 6.82102089e-05  0.00000000e+00  3.30000000e+00  1.06146481e-02 -1.01959597e-15
 6.82602089e-05  0.00000000e+00  3.30000000e+00  1.06146479e-02  9.63592138e-16
 6.83102089e-05  0.00000000e+00  3.30000000e+00  1.06146481e-02 -9.10664455e-16
 6.83602089e-05  0.00000000e+00  3.30000000e+00  1.06146479e-02  8.60643956e-16
 6.84102089e-05  0.00000000e+00  3.30000000e+00  1.06146481e-02 -8.13370956e-16
 6.84602089e-05  0.00000000e+00  3.30000000e+00  1.06146479e-02  7.68694543e-16
 6.85102089e-05  0.00000000e+00  3.30000000e+00  1.06146481e-02 -7.26472093e-16
 6.85602089e-05  0.00000000e+00  3.30000000e+00  1.06146479e-02  6.86568815e-16
 6.86102089e-05  0.00000000e+00  3.30000000e+00  1.06146481e-02 -6.48857324e-16
 6.86602089e-05  0.00000000e+00  3.30000000e+00  1.06146479e-02  6.13217229e-16
 6.87102089e-05  0.00000000e+00  3.30000000e+00  1.06146481e-02 -5.79534755e-16
 6.87602089e-05  0.00000000e+00  3.30000000e+00  1.06146479e-02  5.47702374e-16
 6.88102089e-05  0.00000000e+00  3.30000000e+00  1.06146481e-02 -5.17618466e-16
 6.88602089e-05  0.00000000e+00  3.30000000e+00  1.06146479e-02  4.89186990e-16
 6.89102089e-05  0.00000000e+00  3.30000000e+00  1.06146481e-02 -4.62317184e-16
 6.89602089e-05  0.00000000e+00  3.30000000e+00  1.06146479e-02  4.36923268e-16
 6.90102089e-05  0.00000000e+00  3.30000000e+00  1.06146481e-02 -4.12924176e-16
 6.90602089e-05  0.00000000e+00  3.30000000e+00  1.06146479e-02  3.90243294e-16
 6.91102089e-05  0.00000000e+00  3.30000000e+00  1.06146481e-02 -3.68808215e-16
 6.91602089e-05  0.00000000e+00  3.30000000e+00  1.06146479e-02  3.48550511e-16
 6.92102089e-05  0.00000000e+00  3.30000000e+00  1.06146481e-02 -3.29405512e-16
 6.92602089e-05  0.00000000e+00  3.30000000e+00  1.06146479e-02  3.11312099e-16
 6.93102089e-05  0.00000000e+00  3.30000000e+00  1.06146481e-02 -2.94212511e-16
 6.93602089e-05  0.00000000e+00  3.30000000e+00  1.06146479e-02  2.78052161e-16
 6.94102089e-05  0.00000000e+00  3.30000000e+00  1.06146481e-02 -2.62779458e-16
 6.94602089e-05  0.00000000e+00  3.30000000e+00  1.06146479e-02  2.48345645e-16
 6.95102089e-05  0.00000000e+00  3.30000000e+00  1.06146481e-02 -2.34704646e-16
 6.95602089e-05  0.00000000e+00  3.30000000e+00  1.06146479e-02  2.21812913e-16
 6.96102089e-05  0.00000000e+00  3.30000000e+00  1.06146481e-02 -2.09629289e-16
 6.96602089e-05  0.00000000e+00  3.30000000e+00  1.06146479e-02  1.98114882e-16
 6.97102089e-05  0.00000000e+00  3.30000000e+00  1.06146481e-02 -1.87232932e-16
 6.97602089e-05  0.00000000e+00  3.30000000e+00  1.06146479e-02  1.76948699e-16
 6.98102089e-05  0.00000000e+00  3.30000000e+00  1.06146481e-02 -1.67229354e-16
 6.98602089e-05  0.00000000e+00  3.30000000e+00  1.06146479e-02  1.58043868e-16
 6.99102089e-05  0.00000000e+00  3.30000000e+00  1.06146481e-02 -1.49362917e-16
 6.99602089e-05  0.00000000e+00  3.30000000e+00  1.06146479e-02  1.41158789e-16
 7.00102089e-05  0.00000000e+00  3.30000000e+00  1.06146481e-02 -1.33405293e-16
 7.00602089e-05  0.00000000e+00  3.30000000e+00  1.06146479e-02  1.26077678e-16
 7.01000000e-05  0.00000000e+00  3.30000000e+00  1.06146481e-02 -1.17436706e-16
 7.01050000e-05  0.00000000e+00  3.13500000e+00  1.06146480e-02 -1.45300558e-17
 7.01150000e-05  0.00000000e+00  2.80500000e+00  1.06146480e-02  1.09345442e-17
 7.01277652e-05  0.00000000e+00  2.38375000e+00  1.06146480e-02 -8.75650032e-18
 7.01323130e-05  0.00000000e+00  2.23367187e+00  1.06146480e-02  4.60740235e-18
 7.01402717e-05  0.00000000e+00  1.97103516e+00  1.06146480e-02 -3.21892080e-18
 7.01424745e-05  0.00000000e+00  1.89834106e+00  1.06146480e-02  7.04268550e-19
 7.01463295e-05  0.00000000e+00  1.77112640e+00  1.06146480e-02 -3.26668041e-19
 7.01477485e-05  0.00000000e+00  1.72429933e+00  1.06146480e-02  8.12050948e-22
 7.01486590e-05  0.00000000e+00  1.69425305e+00  1.06146480e-02  1.75340174e-22
 7.01492635e-05  0.00000000e+00  1.67430349e+00  1.06146480e-02  7.02085786e-23
 7.01497500e-05  0.00000000e+00  1.65824848e+00  1.06146480e-02  3.42244609e-23
 7.01501727e-05  0.00000000e+00  1.64430175e+00  1.10574299e-02  1.84561487e-23
 7.01506062e-05  0.00000000e+00  1.62999664e+00  1.19655292e-02  9.78562382e-24
 7.01509081e-05  0.00000000e+00  1.62003239e+00  1.25979190e-02  6.33767534e-24
 7.01513280e-05  0.00000000e+00  1.60617745e+00  1.34770465e-02  3.43251571e-24
 7.01521676e-05  0.00000000e+00  1.57846756e+00  1.52346215e-02  8.72392610e-25
 7.01538470e-05  0.00000000e+00  1.52304779e+00  1.87471325e-02 -7.54677005e-26
 7.01572058e-05  0.00000000e+00  1.41220826e+00  2.57618930e-02  3.07963245e-26
 7.01638188e-05  0.00000000e+00  1.19398045e+00  3.95351302e-02 -1.99592629e-26
 7.01707743e-05  0.00000000e+00  9.64448402e-01  5.39706280e-02  1.32232394e-26
 7.01799547e-05  0.00000000e+00  6.61495681e-01  7.29484924e-02 -9.69791273e-27
 7.01894766e-05  0.00000000e+00  3.47271335e-01  9.25463980e-02  7.19320860e-27
 7.02000000e-05  0.00000000e+00  0.00000000e+00  1.14107392e-01 -5.49127838e-27
 7.02012533e-05  0.00000000e+00  0.00000000e+00  1.16667845e-01 -1.97862987e-27
 7.02037600e-05  0.00000000e+00  0.00000000e+00  1.21785933e-01  5.52741070e-28
 7.02087733e-05  0.00000000e+00  0.00000000e+00  1.32005184e-01 -3.09809289e-28
 7.02187999e-05  0.00000000e+00  0.00000000e+00  1.52376492e-01  2.33324249e-28
 7.02388531e-05  0.00000000e+00  0.00000000e+00  1.92853533e-01 -2.02628430e-28
 7.02695194e-05  0.00000000e+00  0.00000000e+00  2.54076412e-01  1.84790529e-28
 7.03040952e-05  0.00000000e+00  0.00000000e+00  3.22135142e-01 -1.70290198e-28
 7.03540952e-05  0.00000000e+00  0.00000000e+00  4.18766270e-01  1.60936587e-28
 7.04040952e-05  0.00000000e+00  0.00000000e+00  5.13317962e-01 -1.52096747e-28
 7.04540952e-05  0.00000000e+00  0.00000000e+00  6.05831960e-01  1.43742457e-28
 7.05040952e-05  0.00000000e+00  0.00000000e+00  6.96349961e-01 -1.35847046e-28
 7.05540952e-05  0.00000000e+00  0.00000000e+00  7.84913290e-01  1.28385311e-28
 7.06040952e-05  0.00000000e+00  0.00000000e+00  8.71562773e-01 -1.21333430e-28
 7.06540952e-05  0.00000000e+00  0.00000000e+00  9.56338639e-01  1.14668891e-28
 7.07040952e-05  0.00000000e+00  0.00000000e+00  1.03928047e+00 -1.08370419e-28
 7.07540952e-05  0.00000000e+00  0.00000000e+00  1.12042717e+00  1.02417905e-28
 7.08040952e-05  0.00000000e+00  0.00000000e+00  1.19981694e+00 -9.67923482e-29
 7.08540952e-05  0.00000000e+00  0.00000000e+00  1.27748724e+00  9.14757889e-29
 7.09040952e-05  0.00000000e+00  0.00000000e+00  1.35347483e+00 -8.64512548e-29
 7.09540952e-05  0.00000000e+00  0.00000000e+00  1.42781576e+00  8.17027056e-29
 7.10040952e-05  0.00000000e+00  0.00000000e+00  1.50054532e+00 -7.72149823e-29
 7.10540952e-05  0.00000000e+00  0.00000000e+00  1.57169814e+00  7.29737583e-29
 7.11040952e-05  0.00000000e+00  0.00000000e+00  1.64130810e+00 -6.89654940e-29
 7.11181414e-05  0.00000000e+00  0.00000000e+00  1.66058944e+00  5.63667210e-29
 7.11314702e-05  0.00000000e+00  0.00000000e+00  1.67877650e+00 -4.55683872e-29
 7.11393425e-05  0.00000000e+00  0.00000000e+00  1.68946838e+00  3.17082052e-29
 7.11479963e-05  0.00000000e+00  0.00000000e+00  1.70117905e+00 -2.28124854e-29
 7.11653038e-05  0.00000000e+00  0.00000000e+00  1.72446755e+00  1.93711005e-29
 7.11999187e-05  0.00000000e+00  0.00000000e+00  1.77051821e+00 -1.78527197e-29
 7.12143056e-05  0.00000000e+00  0.00000000e+00  1.78945294e+00 -4.72523311e-13
 7.12430792e-05  0.00000000e+00  0.00000000e+00  1.82696618e+00 -6.63084419e-14
 7.12497274e-05  0.00000000e+00  0.00000000e+00  1.83556654e+00  1.17646663e+00
 7.12562346e-05  0.00000000e+00  0.00000000e+00  1.84396015e+00  2.66973483e+00
 7.12587034e-05  0.00000000e+00  0.00000000e+00  1.84713834e+00  2.88481343e+00
 7.12620254e-05  0.00000000e+00  0.00000000e+00  1.85140953e+00  3.06484682e+00
 7.12656836e-05  0.00000000e+00  0.00000000e+00  1.85610569e+00  3.17472086e+00
 7.12723342e-05  0.00000000e+00  0.00000000e+00  1.86462413e+00  3.26406608e+00
 7.12789204e-05  0.00000000e+00  0.00000000e+00  1.87303577e+00  3.28953311e+00
 7.12896012e-05  0.00000000e+00  0.00000000e+00  1.88662508e+00  3.29939110e+00
 7.13022711e-05  0.00000000e+00  0.00000000e+00  1.90266286e+00  3.30001653e+00
 7.13276109e-05  0.00000000e+00  0.00000000e+00  1.93447244e+00  3.29999409e+00
 7.13735279e-05  0.00000000e+00  0.00000000e+00  1.99122096e+00  3.30000346e+00
 7.14235279e-05  0.00000000e+00  0.00000000e+00  2.05172933e+00  3.29999788e+00
 7.14735279e-05  0.00000000e+00  0.00000000e+00  2.11092439e+00  3.30000130e+00
 7.15235279e-05  0.00000000e+00  0.00000000e+00  2.16883453e+00  3.29999920e+00
 7.15735279e-05  0.00000000e+00  0.00000000e+00  2.22548754e+00  3.30000049e+00
 7.16235279e-05  0.00000000e+00  0.00000000e+00  2.28091060e+00  3.29999970e+00
 7.16735279e-05  0.00000000e+00  0.00000000e+00  2.33513033e+00  3.30000018e+00
 7.17235279e-05  0.00000000e+00  0.00000000e+00  2.38817277e+00  3.29999989e+00
 7.17735279e-05  0.00000000e+00  0.00000000e+00  2.44006341e+00  3.30000007e+00
 7.18235279e-05  0.00000000e+00  0.00000000e+00  2.49082718e+00  3.29999996e+00
 7.18735279e-05  0.00000000e+00  0.00000000e+00  2.54048849e+00  3.30000002e+00
 7.19235279e-05  0.00000000e+00  0.00000000e+00  2.58907123e+00  3.29999998e+00
 7.19735279e-05  0.00000000e+00  0.00000000e+00  2.63659876e+00  3.30000001e+00
 7.20235279e-05  0.00000000e+00  0.00000000e+00  2.68309388e+00  3.29999999e+00
 7.20735279e-05  0.00000000e+00  0.00000000e+00  2.72857897e+00  3.30000000e+00
 7.21235279e-05  0.00000000e+00  0.00000000e+00  2.77307599e+00  3.30000000e+00
 7.21735279e-05  0.00000000e+00  0.00000000e+00  2.81660638e+00  3.30000000e+00
 7.22235279e-05  0.00000000e+00  0.00000000e+00  2.85919109e+00  3.30000000e+00
 7.22735279e-05  0.00000000e+00  0.00000000e+00  2.90085063e+00  3.30000000e+00
 7.23235279e-05  0.00000000e+00  0.00000000e+00  2.94160506e+00  3.30000000e+00
 7.23735279e-05  0.00000000e+00  0.00000000e+00  2.98147403e+00  3.30000000e+00
 7.24235279e-05  0.00000000e+00  0.00000000e+00  3.02047674e+00  3.30000000e+00
 7.24735279e-05  0.00000000e+00  0.00000000e+00  3.05863198e+00  3.30000000e+00
 7.25235279e-05  0.00000000e+00  0.00000000e+00  3.09595814e+00  3.30000000e+00
 7.25735279e-05  0.00000000e+00  0.00000000e+00  3.13247322e+00  3.30000000e+00
 7.26235279e-05  0.00000000e+00  0.00000000e+00  3.16819480e+00  3.30000000e+00
 7.26735279e-05  0.00000000e+00  0.00000000e+00  3.20314013e+00  3.30000000e+00
 7.27235279e-05  0.00000000e+00  0.00000000e+00  3.23732604e+00  3.30000000e+00
 7.27735279e-05  0.00000000e+00  0.00000000e+00  3.27076902e+00  3.30000000e+00
 7.28235279e-05  0.00000000e+00  0.00000000e+00  3.30348519e+00  3.30000000e+00
 7.28735279e-05  0.00000000e+00  0.00000000e+00  3.33549034e+00  3.30000000e+00
 7.29235279e-05  0.00000000e+00  0.00000000e+00  3.36679991e+00  3.30000000e+00
 7.29735279e-05  0.00000000e+00  0.00000000e+00  3.39742898e+00  3.30000000e+00
 7.30235279e-05  0.00000000e+00  0.00000000e+00  3.42739236e+00  3.30000000e+00
 7.30735279e-05  0.00000000e+00  0.00000000e+00  3.45670447e+00  3.30000000e+00
 7.31235279e-05  0.00000000e+00  0.00000000e+00  3.48537948e+00  3.30000000e+00
 7.31735279e-05  0.00000000e+00  0.00000000e+00  3.51343122e+00  3.30000000e+00
 7.32235279e-05  0.00000000e+00  0.00000000e+00  3.54087322e+00  3.30000000e+00
 7.32735279e-05  0.00000000e+00  0.00000000e+00  3.56771872e+00  3.30000000e+00
 7.33235279e-05  0.00000000e+00  0.00000000e+00  3.59398069e+00  3.30000000e+00
 7.33735279e-05  0.00000000e+00  0.00000000e+00  3.61967179e+00  3.30000000e+00
 7.34235279e-05  0.00000000e+00  0.00000000e+00  3.64480443e+00  3.30000000e+00
 7.34735279e-05  0.00000000e+00  0.00000000e+00  3.66939074e+00  3.30000000e+00
 7.35235279e-05  0.00000000e+00  0.00000000e+00  3.69344258e+00  3.30000000e+00
 7.35735279e-05  0.00000000e+00  0.00000000e+00  3.71697157e+00  3.30000000e+00
 7.36235279e-05  0.00000000e+00  0.00000000e+00  3.73998907e+00  3.30000000e+00
 7.36735279e-05  0.00000000e+00  0.00000000e+00  3.76250619e+00  3.30000000e+00
 7.37235279e-05  0.00000000e+00  0.00000000e+00  3.78453380e+00  3.30000000e+00
 7.37735279e-05  0.00000000e+00  0.00000000e+00  3.80608254e+00  3.30000000e+00
 7.38235279e-05  0.00000000e+00  0.00000000e+00  3.82716281e+00  3.30000000e+00
 7.38735279e-05  0.00000000e+00  0.00000000e+00  3.84778479e+00  3.30000000e+00
 7.39235279e-05  0.00000000e+00  0.00000000e+00  3.86795844e+00  3.30000000e+00
 7.39735279e-05  0.00000000e+00  0.00000000e+00  3.88769350e+00  3.30000000e+00
 7.40235279e-05  0.00000000e+00  0.00000000e+00  3.90699950e+00  3.30000000e+00
 7.40735279e-05  0.00000000e+00  0.00000000e+00  3.92588577e+00  3.30000000e+00
 7.41235279e-05  0.00000000e+00  0.00000000e+00  3.94436143e+00  3.30000000e+00
 7.41735279e-05  0.00000000e+00  0.00000000e+00  3.96243540e+00  3.30000000e+00
 7.42235279e-05  0.00000000e+00  0.00000000e+00  3.98011640e+00  3.30000000e+00
 7.42735279e-05  0.00000000e+00  0.00000000e+00  3.99741299e+00  3.30000000e+00
 7.43235279e-05  0.00000000e+00  0.00000000e+00  4.01433352e+00  3.30000000e+00
 7.43735279e-05  0.00000000e+00  0.00000000e+00  4.03088615e+00  3.30000000e+00
 7.44235279e-05  0.00000000e+00  0.00000000e+00  4.04707888e+00  3.30000000e+00
 7.44735279e-05  0.00000000e+00  0.00000000e+00  4.06291955e+00  3.30000000e+00
 7.45235279e-05  0.00000000e+00  0.00000000e+00  4.07841579e+00  3.30000000e+00
 7.45735279e-05  0.00000000e+00  0.00000000e+00  4.09357509e+00  3.30000000e+00
 7.46235279e-05  0.00000000e+00  0.00000000e+00  4.10840479e+00  3.30000000e+00
 7.46735279e-05  0.00000000e+00  0.00000000e+00  4.12291204e+00  3.30000000e+00
 7.47235279e-05  0.00000000e+00  0.00000000e+00  4.13710385e+00  3.30000000e+00
 7.47735279e-05  0.00000000e+00  0.00000000e+00  4.15098708e+00  3.30000000e+00
 7.48235279e-05  0.00000000e+00  0.00000000e+00  4.16456843e+00  3.30000000e+00
 7.48735279e-05  0.00000000e+00  0.00000000e+00  4.17785448e+00  3.30000000e+00
 7.49235279e-05  0.00000000e+00  0.00000000e+00  4.19085163e+00  3.30000000e+00
 7.49735279e-05  0.00000000e+00  0.00000000e+00  4.20356617e+00  3.30000000e+00
 7.50235279e-05  0.00000000e+00  0.00000000e+00  4.21600424e+00  3.30000000e+00
 7.50735279e-05  0.00000000e+00  0.00000000e+00  4.22817185e+00  3.30000000e+00
 7.51235279e-05  0.00000000e+00  0.00000000e+00  4.24007488e+00  3.30000000e+00
 7.51735279e-05  0.00000000e+00  0.00000000e+00  4.25171908e+00  3.30000000e+00
 7.52235279e-05  0.00000000e+00  0.00000000e+00  4.26311008e+00  3.30000000e+00
 7.52735279e-05  0.00000000e+00  0.00000000e+00  4.27425339e+00  3.30000000e+00
 7.53235279e-05  0.00000000e+00  0.00000000e+00  4.28515439e+00  3.30000000e+00
 7.53735279e-05  0.00000000e+00  0.00000000e+00  4.29581834e+00  3.30000000e+00
 7.54235279e-05  0.00000000e+00  0.00000000e+00  4.30625040e+00  3.30000000e+00
 7.54735279e-05  0.00000000e+00  0.00000000e+00  4.31645562e+00  3.30000000e+00
 7.55235279e-05  0.00000000e+00  0.00000000e+00  4.32643891e+00  3.30000000e+00
 7.55735279e-05  0.00000000e+00  0.00000000e+00  4.33620512e+00  3.30000000e+00
 7.56235279e-05  0.00000000e+00  0.00000000e+00  4.34575895e+00  3.30000000e+00
 7.56735279e-05  0.00000000e+00  0.00000000e+00  4.35510503e+00  3.30000000e+00
 7.57235279e-05  0.00000000e+00  0.00000000e+00  4.36424787e+00  3.30000000e+00
 7.57735279e-05  0.00000000e+00  0.00000000e+00  4.37319189e+00  3.30000000e+00
 7.58235279e-05  0.00000000e+00  0.00000000e+00  4.38194141e+00  3.30000000e+00
 7.58735279e-05  0.00000000e+00  0.00000000e+00  4.39050067e+00  3.30000000e+00
 7.59235279e-05  0.00000000e+00  0.00000000e+00  4.39887380e+00  3.30000000e+00
 7.59735279e-05  0.00000000e+00  0.00000000e+00  4.40706484e+00  3.30000000e+00
 7.60235279e-05  0.00000000e+00  0.00000000e+00  4.41507776e+00  3.30000000e+00
 7.60735279e-05  0.00000000e+00  0.00000000e+00  4.42291643e+00  3.30000000e+00
 7.61235279e-05  0.00000000e+00  0.00000000e+00  4.43058463e+00  3.30000000e+00
 7.61735279e-05  0.00000000e+00  0.00000000e+00  4.43808608e+00  3.30000000e+00
 7.62235279e-05  0.00000000e+00  0.00000000e+00  4.44542439e+00  3.30000000e+00
 7.62735279e-05  0.00000000e+00  0.00000000e+00  4.45260312e+00  3.30000000e+00
 7.63235279e-05  0.00000000e+00  0.00000000e+00  4.45962574e+00  3.30000000e+00
 7.63735279e-05  0.00000000e+00  0.00000000e+00  4.46649564e+00  3.30000000e+00
 7.64235279e-05  0.00000000e+00  0.00000000e+00  4.47321614e+00  3.30000000e+00
 7.64735279e-05  0.00000000e+00  0.00000000e+00  4.47979049e+00  3.30000000e+00
 7.65235279e-05  0.00000000e+00  0.00000000e+00  4.48622187e+00  3.30000000e+00
 7.65735279e-05  0.00000000e+00  0.00000000e+00  4.49251339e+00  3.30000000e+00
 7.66235279e-05  0.00000000e+00  0.00000000e+00  4.49866808e+00  3.30000000e+00
 7.66735279e-05  0.00000000e+00  0.00000000e+00  4.50468893e+00  3.30000000e+00
 7.67235279e-05  0.00000000e+00  0.00000000e+00  4.51057884e+00  3.30000000e+00
 7.67735279e-05  0.00000000e+00  0.00000000e+00  4.51634066e+00  3.30000000e+00
 7.68235279e-05  0.00000000e+00  0.00000000e+00  4.52197718e+00  3.30000000e+00
 7.68735279e-05  0.00000000e+00  0.00000000e+00  4.52749111e+00  3.30000000e+00
 7.69235279e-05  0.00000000e+00  0.00000000e+00  4.53288514e+00  3.30000000e+00
 7.69735279e-05  0.00000000e+00  0.00000000e+00  4.53816186e+00  3.30000000e+00
 7.70235279e-05  0.00000000e+00  0.00000000e+00  4.54332382e+00  3.30000000e+00
 7.70735279e-05  0.00000000e+00  0.00000000e+00  4.54837352e+00  3.30000000e+00
 7.71235279e-05  0.00000000e+00  0.00000000e+00  4.55331341e+00  3.30000000e+00
 7.71735279e-05  0.00000000e+00  0.00000000e+00  4.55814586e+00  3.30000000e+00
 7.72235279e-05  0.00000000e+00  0.00000000e+00  4.56287322e+00  3.30000000e+00
 7.72735279e-05  0.00000000e+00  0.00000000e+00  4.56749777e+00  3.30000000e+00
 7.73235279e-05  0.00000000e+00  0.00000000e+00  4.57202175e+00  3.30000000e+00
 7.73735279e-05  0.00000000e+00  0.00000000e+00  4.57644734e+00  3.30000000e+00
 7.74235279e-05  0.00000000e+00  0.00000000e+00  4.58077668e+00  3.30000000e+00
 7.74735279e-05  0.00000000e+00  0.00000000e+00  4.58501187e+00  3.30000000e+00
 7.75235279e-05  0.00000000e+00  0.00000000e+00  4.58915495e+00  3.30000000e+00
 7.75735279e-05  0.00000000e+00  0.00000000e+00  4.59320793e+00  3.30000000e+00
 7.76235279e-05  0.00000000e+00  0.00000000e+00  4.59717277e+00  3.30000000e+00
 7.76735279e-05  0.00000000e+00  0.00000000e+00  4.60105138e+00  3.30000000e+00
 7.77235279e-05  0.00000000e+00  0.00000000e+00  4.60484563e+00  3.30000000e+00
 7.77735279e-05  0.00000000e+00  0.00000000e+00  4.60855737e+00  3.30000000e+00
 7.78235279e-05  0.00000000e+00  0.00000000e+00  4.61218839e+00  3.30000000e+00
 7.78735279e-05  0.00000000e+00  0.00000000e+00  4.61574044e+00  3.30000000e+00
 7.79235279e-05  0.00000000e+00  0.00000000e+00  4.61921523e+00  3.30000000e+00
 7.79735279e-05  0.00000000e+00  0.00000000e+00  4.62261446e+00  3.30000000e+00
 7.80235279e-05  0.00000000e+00  0.00000000e+00  4.62593976e+00  3.30000000e+00
 7.80735279e-05  0.00000000e+00  0.00000000e+00  4.62919274e+00  3.30000000e+00
 7.81235279e-05  0.00000000e+00  0.00000000e+00  4.63237497e+00  3.30000000e+00
 7.81735279e-05  0.00000000e+00  0.00000000e+00  4.63548800e+00  3.30000000e+00
 7.82235279e-05  0.00000000e+00  0.00000000e+00  4.63853332e+00  3.30000000e+00
 7.82735279e-05  0.00000000e+00  0.00000000e+00  4.64151241e+00  3.30000000e+00
 7.83235279e-05  0.00000000e+00  0.00000000e+00  4.64442672e+00  3.30000000e+00
 7.83735279e-05  0.00000000e+00  0.00000000e+00  4.64727764e+00  3.30000000e+00
 7.84235279e-05  0.00000000e+00  0.00000000e+00  4.65006655e+00  3.30000000e+00
 7.84735279e-05  0.00000000e+00  0.00000000e+00  4.65279482e+00  3.30000000e+00
 7.85235279e-05  0.00000000e+00  0.00000000e+00  4.65546374e+00  3.30000000e+00
 7.85735279e-05  0.00000000e+00  0.00000000e+00  4.65807462e+00  3.30000000e+00
 7.86235279e-05  0.00000000e+00  0.00000000e+00  4.66062872e+00  3.30000000e+00
 7.86735279e-05  0.00000000e+00  0.00000000e+00  4.66312727e+00  3.30000000e+00
 7.87235279e-05  0.00000000e+00  0.00000000e+00  4.66557149e+00  3.30000000e+00
 7.87735279e-05  0.00000000e+00  0.00000000e+00  4.66796254e+00  3.30000000e+00
 7.88235279e-05  0.00000000e+00  0.00000000e+00  4.67030159e+00  3.30000000e+00
 7.88735279e-05  0.00000000e+00  0.00000000e+00  4.67258977e+00  3.30000000e+00
 7.89235279e-05  0.00000000e+00  0.00000000e+00  4.67482819e+00  3.30000000e+00
 7.89735279e-05  0.00000000e+00  0.00000000e+00  4.67701792e+00  3.30000000e+00
 7.90235279e-05  0.00000000e+00  0.00000000e+00  4.67916003e+00  3.30000000e+00
 7.90735279e-05  0.00000000e+00  0.00000000e+00  4.68125555e+00  3.30000000e+00
 7.91235279e-05  0.00000000e+00  0.00000000e+00  4.68330550e+00  3.30000000e+00
 7.91735279e-05  0.00000000e+00  0.00000000e+00  4.68531086e+00  3.30000000e+00
 7.92235279e-05  0.00000000e+00  0.00000000e+00  4.68727261e+00  3.30000000e+00
 7.92735279e-05  0.00000000e+00  0.00000000e+00  4.68919169e+00  3.30000000e+00
 7.93235279e-05  0.00000000e+00  0.00000000e+00  4.69106903e+00  3.30000000e+00
 7.93735279e-05  0.00000000e+00  0.00000000e+00  4.69290555e+00  3.30000000e+00
 7.94235279e-05  0.00000000e+00  0.00000000e+00  4.69470212e+00  3.30000000e+00
 7.94735279e-05  0.00000000e+00  0.00000000e+00  4.69645962e+00  3.30000000e+00
 7.95235279e-05  0.00000000e+00  0.00000000e+00  4.69817890e+00  3.30000000e+00
 7.95735279e-05  0.00000000e+00  0.00000000e+00  4.69986078e+00  3.30000000e+00
 7.96235279e-05  0.00000000e+00  0.00000000e+00  4.70150609e+00  3.30000000e+00
 7.96735279e-05  0.00000000e+00  0.00000000e+00  4.70311561e+00  3.30000000e+00
 7.97235279e-05  0.00000000e+00  0.00000000e+00  4.70469012e+00  3.30000000e+00
 7.97735279e-05  0.00000000e+00  0.00000000e+00  4.70623040e+00  3.30000000e+00
 7.98235279e-05  0.00000000e+00  0.00000000e+00  4.70773717e+00  3.30000000e+00
 7.98735279e-05  0.00000000e+00  0.00000000e+00  4.70921117e+00  3.30000000e+00
 7.99235279e-05  0.00000000e+00  0.00000000e+00  4.71065312e+00  3.30000000e+00
 7.99735279e-05  0.00000000e+00  0.00000000e+00  4.71206370e+00  3.30000000e+00
 8.00235279e-05  0.00000000e+00  0.00000000e+00  4.71344360e+00  3.30000000e+00
 8.00735279e-05  0.00000000e+00  0.00000000e+00  4.71479350e+00  3.30000000e+00
 8.01235279e-05  0.00000000e+00  0.00000000e+00  4.71611403e+00  3.30000000e+00
 8.01735279e-05  0.00000000e+00  0.00000000e+00  4.71740585e+00  3.30000000e+00
 8.02235279e-05  0.00000000e+00  0.00000000e+00  4.71866956e+00  3.30000000e+00
 8.02735279e-05  0.00000000e+00  0.00000000e+00  4.71990580e+00  3.30000000e+00
 8.03235279e-05  0.00000000e+00  0.00000000e+00  4.72111515e+00  3.30000000e+00
 8.03735279e-05  0.00000000e+00  0.00000000e+00  4.72229819e+00  3.30000000e+00
 8.04235279e-05  0.00000000e+00  0.00000000e+00  4.72345550e+00  3.30000000e+00
 8.04735279e-05  0.00000000e+00  0.00000000e+00  4.72458765e+00  3.30000000e+00
 8.05235279e-05  0.00000000e+00  0.00000000e+00  4.72569517e+00  3.30000000e+00
 8.05735279e-05  0.00000000e+00  0.00000000e+00  4.72677860e+00  3.30000000e+00
 8.06235279e-05  0.00000000e+00  0.00000000e+00  4.72783847e+00  3.30000000e+00
 8.06735279e-05  0.00000000e+00  0.00000000e+00  4.72887529e+00  3.30000000e+00
 8.07235279e-05  0.00000000e+00  0.00000000e+00  4.72988956e+00  3.30000000e+00
 8.07735279e-05  0.00000000e+00  0.00000000e+00  4.73088177e+00  3.30000000e+00
 8.08235279e-05  0.00000000e+00  0.00000000e+00  4.73185240e+00  3.30000000e+00
 8.08735279e-05  0.00000000e+00  0.00000000e+00  4.73280192e+00  3.30000000e+00
 8.09235279e-05  0.00000000e+00  0.00000000e+00  4.73373079e+00  3.30000000e+00
 8.09735279e-05  0.00000000e+00  0.00000000e+00  4.73463945e+00  3.30000000e+00
 8.10235279e-05  0.00000000e+00  0.00000000e+00  4.73552836e+00  3.30000000e+00
 8.10735279e-05  0.00000000e+00  0.00000000e+00  4.73639793e+00  3.30000000e+00
 8.11235279e-05  0.00000000e+00  0.00000000e+00  4.73724859e+00  3.30000000e+00
 8.11735279e-05  0.00000000e+00  0.00000000e+00  4.73808074e+00  3.30000000e+00
 8.12235279e-05  0.00000000e+00  0.00000000e+00  4.73889480e+00  3.30000000e+00
 8.12735279e-05  0.00000000e+00  0.00000000e+00  4.73969115e+00  3.30000000e+00
 8.13235279e-05  0.00000000e+00  0.00000000e+00  4.74047019e+00  3.30000000e+00
 8.13735279e-05  0.00000000e+00  0.00000000e+00  4.74123228e+00  3.30000000e+00
 8.14235279e-05  0.00000000e+00  0.00000000e+00  4.74197779e+00  3.30000000e+00
 8.14735279e-05  0.00000000e+00  0.00000000e+00  4.74270709e+00  3.30000000e+00
 8.15235279e-05  0.00000000e+00  0.00000000e+00  4.74342053e+00  3.30000000e+00
 8.15735279e-05  0.00000000e+00  0.00000000e+00  4.74411845e+00  3.30000000e+00
 8.16235279e-05  0.00000000e+00  0.00000000e+00  4.74480120e+00  3.30000000e+00
 8.16735279e-05  0.00000000e+00  0.00000000e+00  4.74546909e+00  3.30000000e+00
 8.17235279e-05  0.00000000e+00  0.00000000e+00  4.74612246e+00  3.30000000e+00
 8.17735279e-05  0.00000000e+00  0.00000000e+00  4.74676162e+00  3.30000000e+00
 8.18235279e-05  0.00000000e+00  0.00000000e+00  4.74738687e+00  3.30000000e+00
 8.18735279e-05  0.00000000e+00  0.00000000e+00  4.74799853e+00  3.30000000e+00
 8.19235279e-05  0.00000000e+00  0.00000000e+00  4.74859688e+00  3.30000000e+00
 8.19735279e-05  0.00000000e+00  0.00000000e+00  4.74918222e+00  3.30000000e+00
 8.20235279e-05  0.00000000e+00  0.00000000e+00  4.74975483e+00  3.30000000e+00
 8.20735279e-05  0.00000000e+00  0.00000000e+00  4.75031499e+00  3.30000000e+00
 8.21235279e-05  0.00000000e+00  0.00000000e+00  4.75086296e+00  3.30000000e+00
 8.21735279e-05  0.00000000e+00  0.00000000e+00  4.75139902e+00  3.30000000e+00
 8.22235279e-05  0.00000000e+00  0.00000000e+00  4.75192341e+00  3.30000000e+00
 8.22735279e-05  0.00000000e+00  0.00000000e+00  4.75243640e+00  3.30000000e+00
 8.23235279e-05  0.00000000e+00  0.00000000e+00  4.75293824e+00  3.30000000e+00
 8.23735279e-05  0.00000000e+00  0.00000000e+00  4.75342916e+00  3.30000000e+00
 8.24235279e-05  0.00000000e+00  0.00000000e+00  4.75390940e+00  3.30000000e+00
 8.24735279e-05  0.00000000e+00  0.00000000e+00  4.75437919e+00  3.30000000e+00
 8.25235279e-05  0.00000000e+00  0.00000000e+00  4.75483877e+00  3.30000000e+00
 8.25735279e-05  0.00000000e+00  0.00000000e+00  4.75528836e+00  3.30000000e+00
 8.26235279e-05  0.00000000e+00  0.00000000e+00  4.75572816e+00  3.30000000e+00
 8.26735279e-05  0.00000000e+00  0.00000000e+00  4.75615840e+00  3.30000000e+00
 8.27235279e-05  0.00000000e+00  0.00000000e+00  4.75657929e+00  3.30000000e+00
 8.27735279e-05  0.00000000e+00  0.00000000e+00  4.75699102e+00  3.30000000e+00
 8.28235279e-05  0.00000000e+00  0.00000000e+00  4.75739379e+00  3.30000000e+00
 8.28735279e-05  0.00000000e+00  0.00000000e+00  4.75778780e+00  3.30000000e+00
 8.29235279e-05  0.00000000e+00  0.00000000e+00  4.75817325e+00  3.30000000e+00
 8.29735279e-05  0.00000000e+00  0.00000000e+00  4.75855031e+00  3.30000000e+00
 8.30235279e-05  0.00000000e+00  0.00000000e+00  4.75891917e+00  3.30000000e+00
 8.30735279e-05  0.00000000e+00  0.00000000e+00  4.75928001e+00  3.30000000e+00
 8.31235279e-05  0.00000000e+00  0.00000000e+00  4.75963300e+00  3.30000000e+00
 8.31735279e-05  0.00000000e+00  0.00000000e+00  4.75997831e+00  3.30000000e+00
 8.32235279e-05  0.00000000e+00  0.00000000e+00  4.76031611e+00  3.30000000e+00
 8.32735279e-05  0.00000000e+00  0.00000000e+00  4.76064657e+00  3.30000000e+00
 8.33235279e-05  0.00000000e+00  0.00000000e+00  4.76096984e+00  3.30000000e+00
 8.33735279e-05  0.00000000e+00  0.00000000e+00  4.76128607e+00  3.30000000e+00
 8.34235279e-05  0.00000000e+00  0.00000000e+00  4.76159543e+00  3.30000000e+00
 8.34735279e-05  0.00000000e+00  0.00000000e+00  4.76189806e+00  3.30000000e+00
 8.35235279e-05  0.00000000e+00  0.00000000e+00  4.76219411e+00  3.30000000e+00
 8.35735279e-05  0.00000000e+00  0.00000000e+00  4.76248372e+00  3.30000000e+00
 8.36235279e-05  0.00000000e+00  0.00000000e+00  4.76276703e+00  3.30000000e+00
 8.36735279e-05  0.00000000e+00  0.00000000e+00  4.76304418e+00  3.30000000e+00
 8.37235279e-05  0.00000000e+00  0.00000000e+00  4.76331530e+00  3.30000000e+00
 8.37735279e-05  0.00000000e+00  0.00000000e+00  4.76358053e+00  3.30000000e+00
 8.38235279e-05  0.00000000e+00  0.00000000e+00  4.76383998e+00  3.30000000e+00
 8.38735279e-05  0.00000000e+00  0.00000000e+00  4.76409380e+00  3.30000000e+00
 8.39235279e-05  0.00000000e+00  0.00000000e+00  4.76434209e+00  3.30000000e+00
 8.39735279e-05  0.00000000e+00  0.00000000e+00  4.76458498e+00  3.30000000e+00
 8.40235279e-05  0.00000000e+00  0.00000000e+00  4.76482259e+00  3.30000000e+00
 8.40735279e-05  0.00000000e+00  0.00000000e+00  4.76505504e+00  3.30000000e+00
 8.41235279e-05  0.00000000e+00  0.00000000e+00  4.76528242e+00  3.30000000e+00
 8.41735279e-05  0.00000000e+00  0.00000000e+00  4.76550486e+00  3.30000000e+00
 8.42235279e-05  0.00000000e+00  0.00000000e+00  4.76572247e+00  3.30000000e+00
 8.42735279e-05  0.00000000e+00  0.00000000e+00  4.76593534e+00  3.30000000e+00
 8.43235279e-05  0.00000000e+00  0.00000000e+00  4.76614358e+00  3.30000000e+00
 8.43735279e-05  0.00000000e+00  0.00000000e+00  4.76634729e+00  3.30000000e+00
 8.44235279e-05  0.00000000e+00  0.00000000e+00  4.76654657e+00  3.30000000e+00
 8.44735279e-05  0.00000000e+00  0.00000000e+00  4.76674152e+00  3.30000000e+00
 8.45235279e-05  0.00000000e+00  0.00000000e+00  4.76693222e+00  3.30000000e+00
 8.45735279e-05  0.00000000e+00  0.00000000e+00  4.76711878e+00  3.30000000e+00
 8.46235279e-05  0.00000000e+00  0.00000000e+00  4.76730128e+00  3.30000000e+00
 8.46735279e-05  0.00000000e+00  0.00000000e+00  4.76747982e+00  3.30000000e+00
 8.47235279e-05  0.00000000e+00  0.00000000e+00  4.76765447e+00  3.30000000e+00
 8.47735279e-05  0.00000000e+00  0.00000000e+00  4.76782532e+00  3.30000000e+00
 8.48235279e-05  0.00000000e+00  0.00000000e+00  4.76799245e+00  3.30000000e+00
 8.48735279e-05  0.00000000e+00  0.00000000e+00  4.76815595e+00  3.30000000e+00
 8.49235279e-05  0.00000000e+00  0.00000000e+00  4.76831589e+00  3.30000000e+00
 8.49735279e-05  0.00000000e+00  0.00000000e+00  4.76847236e+00  3.30000000e+00
 8.50235279e-05  0.00000000e+00  0.00000000e+00  4.76862542e+00  3.30000000e+00
 8.50735279e-05  0.00000000e+00  0.00000000e+00  4.76877515e+00  3.30000000e+00
 8.51235279e-05  0.00000000e+00  0.00000000e+00  4.76892163e+00  3.30000000e+00
 8.51735279e-05  0.00000000e+00  0.00000000e+00  4.76906492e+00  3.30000000e+00
 8.52235279e-05  0.00000000e+00  0.00000000e+00  4.76920509e+00  3.30000000e+00
 8.52735279e-05  0.00000000e+00  0.00000000e+00  4.76934222e+00  3.30000000e+00
 8.53235279e-05  0.00000000e+00  0.00000000e+00  4.76947636e+00  3.30000000e+00
 8.53735279e-05  0.00000000e+00  0.00000000e+00  4.76960759e+00  3.30000000e+00
 8.54235279e-05  0.00000000e+00  0.00000000e+00  4.76973596e+00  3.30000000e+00
 8.54735279e-05  0.00000000e+00  0.00000000e+00  4.76986154e+00  3.30000000e+00
 8.55235279e-05  0.00000000e+00  0.00000000e+00  4.76998439e+00  3.30000000e+00
 8.55735279e-05  0.00000000e+00  0.00000000e+00  4.77010456e+00  3.30000000e+00
 8.56235279e-05  0.00000000e+00  0.00000000e+00  4.77022213e+00  3.30000000e+00
 8.56735279e-05  0.00000000e+00  0.00000000e+00  4.77033713e+00  3.30000000e+00
 8.57235279e-05  0.00000000e+00  0.00000000e+00  4.77044964e+00  3.30000000e+00
 8.57735279e-05  0.00000000e+00  0.00000000e+00  4.77055969e+00  3.30000000e+00
 8.58235279e-05  0.00000000e+00  0.00000000e+00  4.77066736e+00  3.30000000e+00
 8.58735279e-05  0.00000000e+00  0.00000000e+00  4.77077268e+00  3.30000000e+00
 8.59235279e-05  0.00000000e+00  0.00000000e+00  4.77087571e+00  3.30000000e+00
 8.59735279e-05  0.00000000e+00  0.00000000e+00  4.77097650e+00  3.30000000e+00
 8.60235279e-05  0.00000000e+00  0.00000000e+00  4.77107510e+00  3.30000000e+00
 8.60735279e-05  0.00000000e+00  0.00000000e+00  4.77117155e+00  3.30000000e+00
 8.61235279e-05  0.00000000e+00  0.00000000e+00  4.77126591e+00  3.30000000e+00
 8.61735279e-05  0.00000000e+00  0.00000000e+00  4.77135821e+00  3.30000000e+00
 8.62235279e-05  0.00000000e+00  0.00000000e+00  4.77144851e+00  3.30000000e+00
 8.62735279e-05  0.00000000e+00  0.00000000e+00  4.77153684e+00  3.30000000e+00
 8.63235279e-05  0.00000000e+00  0.00000000e+00  4.77162325e+00  3.30000000e+00
 8.63735279e-05  0.00000000e+00  0.00000000e+00  4.77170778e+00  3.30000000e+00
 8.64235279e-05  0.00000000e+00  0.00000000e+00  4.77179048e+00  3.30000000e+00
 8.64735279e-05  0.00000000e+00  0.00000000e+00  4.77187137e+00  3.30000000e+00
 8.65235279e-05  0.00000000e+00  0.00000000e+00  4.77195051e+00  3.30000000e+00
 8.65735279e-05  0.00000000e+00  0.00000000e+00  4.77202792e+00  3.30000000e+00
 8.66235279e-05  0.00000000e+00  0.00000000e+00  4.77210365e+00  3.30000000e+00
 8.66735279e-05  0.00000000e+00  0.00000000e+00  4.77217773e+00  3.30000000e+00
 8.67235279e-05  0.00000000e+00  0.00000000e+00  4.77225021e+00  3.30000000e+00
 8.67735279e-05  0.00000000e+00  0.00000000e+00  4.77232110e+00  3.30000000e+00
 8.68235279e-05  0.00000000e+00  0.00000000e+00  4.77239046e+00  3.30000000e+00
 8.68735279e-05  0.00000000e+00  0.00000000e+00  4.77245830e+00  3.30000000e+00
 8.69235279e-05  0.00000000e+00  0.00000000e+00  4.77252467e+00  3.30000000e+00
 8.69735279e-05  0.00000000e+00  0.00000000e+00  4.77258960e+00  3.30000000e+00
 8.70235279e-05  0.00000000e+00  0.00000000e+00  4.77265311e+00  3.30000000e+00
 8.70735279e-05  0.00000000e+00  0.00000000e+00  4.77271525e+00  3.30000000e+00
 8.71235279e-05  0.00000000e+00  0.00000000e+00  4.77277603e+00  3.30000000e+00
 8.71735279e-05  0.00000000e+00  0.00000000e+00  4.77283549e+00  3.30000000e+00
 8.72235279e-05  0.00000000e+00  0.00000000e+00  4.77289365e+00  3.30000000e+00
 8.72735279e-05  0.00000000e+00  0.00000000e+00  4.77295055e+00  3.30000000e+00
 8.73235279e-05  0.00000000e+00  0.00000000e+00  4.77300622e+00  3.30000000e+00
 8.73735279e-05  0.00000000e+00  0.00000000e+00  4.77306067e+00  3.30000000e+00
 8.74235279e-05  0.00000000e+00  0.00000000e+00  4.77311394e+00  3.30000000e+00
 8.74735279e-05  0.00000000e+00  0.00000000e+00  4.77316605e+00  3.30000000e+00
 8.75235279e-05  0.00000000e+00  0.00000000e+00  4.77321703e+00  3.30000000e+00
 8.75735279e-05  0.00000000e+00  0.00000000e+00  4.77326689e+00  3.30000000e+00
 8.76235279e-05  0.00000000e+00  0.00000000e+00  4.77331568e+00  3.30000000e+00
 8.76735279e-05  0.00000000e+00  0.00000000e+00  4.77336340e+00  3.30000000e+00
 8.77235279e-05  0.00000000e+00  0.00000000e+00  4.77341009e+00  3.30000000e+00
 8.77735279e-05  0.00000000e+00  0.00000000e+00  4.77345575e+00  3.30000000e+00
 8.78235279e-05  0.00000000e+00  0.00000000e+00  4.77350043e+00  3.30000000e+00
 8.78735279e-05  0.00000000e+00  0.00000000e+00  4.77354413e+00  3.30000000e+00
 8.79235279e-05  0.00000000e+00  0.00000000e+00  4.77358689e+00  3.30000000e+00
 8.79735279e-05  0.00000000e+00  0.00000000e+00  4.77362871e+00  3.30000000e+00
 8.80235279e-05  0.00000000e+00  0.00000000e+00  4.77366963e+00  3.30000000e+00
 8.80735279e-05  0.00000000e+00  0.00000000e+00  4.77370965e+00  3.30000000e+00
 8.81235279e-05  0.00000000e+00  0.00000000e+00  4.77374880e+00  3.30000000e+00
 8.81735279e-05  0.00000000e+00  0.00000000e+00  4.77378711e+00  3.30000000e+00
 8.82235279e-05  0.00000000e+00  0.00000000e+00  4.77382458e+00  3.30000000e+00
 8.82735279e-05  0.00000000e+00  0.00000000e+00  4.77386123e+00  3.30000000e+00
 8.83235279e-05  0.00000000e+00  0.00000000e+00  4.77389709e+00  3.30000000e+00
 8.83735279e-05  0.00000000e+00  0.00000000e+00  4.77393216e+00  3.30000000e+00
 8.84235279e-05  0.00000000e+00  0.00000000e+00  4.77396648e+00  3.30000000e+00
 8.84735279e-05  0.00000000e+00  0.00000000e+00  4.77400005e+00  3.30000000e+00
 8.85235279e-05  0.00000000e+00  0.00000000e+00  4.77403288e+00  3.30000000e+00
 8.85735279e-05  0.00000000e+00  0.00000000e+00  4.77406501e+00  3.30000000e+00
 8.86235279e-05  0.00000000e+00  0.00000000e+00  4.77409643e+00  3.30000000e+00
 8.86735279e-05  0.00000000e+00  0.00000000e+00  4.77412717e+00  3.30000000e+00
 8.87235279e-05  0.00000000e+00  0.00000000e+00  4.77415725e+00  3.30000000e+00
 8.87735279e-05  0.00000000e+00  0.00000000e+00  4.77418667e+00  3.30000000e+00
 8.88235279e-05  0.00000000e+00  0.00000000e+00  4.77421544e+00  3.30000000e+00
 8.88735279e-05  0.00000000e+00  0.00000000e+00  4.77424360e+00  3.30000000e+00
 8.89235279e-05  0.00000000e+00  0.00000000e+00  4.77427114e+00  3.30000000e+00
 8.89735279e-05  0.00000000e+00  0.00000000e+00  4.77429808e+00  3.30000000e+00
 8.90235279e-05  0.00000000e+00  0.00000000e+00  4.77432444e+00  3.30000000e+00
 8.90735279e-05  0.00000000e+00  0.00000000e+00  4.77435022e+00  3.30000000e+00
 8.91235279e-05  0.00000000e+00  0.00000000e+00  4.77437544e+00  3.30000000e+00
 8.91735279e-05  0.00000000e+00  0.00000000e+00  4.77440011e+00  3.30000000e+00
 8.92235279e-05  0.00000000e+00  0.00000000e+00  4.77442425e+00  3.30000000e+00
 8.92735279e-05  0.00000000e+00  0.00000000e+00  4.77444786e+00  3.30000000e+00
 8.93235279e-05  0.00000000e+00  0.00000000e+00  4.77447096e+00  3.30000000e+00
 8.93735279e-05  0.00000000e+00  0.00000000e+00  4.77449355e+00  3.30000000e+00
 8.94235279e-05  0.00000000e+00  0.00000000e+00  4.77451566e+00  3.30000000e+00
 8.94735279e-05  0.00000000e+00  0.00000000e+00  4.77453728e+00  3.30000000e+00
 8.95235279e-05  0.00000000e+00  0.00000000e+00  4.77455844e+00  3.30000000e+00
 8.95735279e-05  0.00000000e+00  0.00000000e+00  4.77457913e+00  3.30000000e+00
 8.96235279e-05  0.00000000e+00  0.00000000e+00  4.77459937e+00  3.30000000e+00
 8.96735279e-05  0.00000000e+00  0.00000000e+00  4.77461917e+00  3.30000000e+00
 8.97235279e-05  0.00000000e+00  0.00000000e+00  4.77463855e+00  3.30000000e+00
 8.97735279e-05  0.00000000e+00  0.00000000e+00  4.77465750e+00  3.30000000e+00
 8.98235279e-05  0.00000000e+00  0.00000000e+00  4.77467604e+00  3.30000000e+00
 8.98735279e-05  0.00000000e+00  0.00000000e+00  4.77469417e+00  3.30000000e+00
 8.99235279e-05  0.00000000e+00  0.00000000e+00  4.77471191e+00  3.30000000e+00
 8.99735279e-05  0.00000000e+00  0.00000000e+00  4.77472927e+00  3.30000000e+00
 9.00235279e-05  0.00000000e+00  0.00000000e+00  4.77474625e+00  3.30000000e+00
 9.00735279e-05  0.00000000e+00  0.00000000e+00  4.77476285e+00  3.30000000e+00
 9.01235279e-05  0.00000000e+00  0.00000000e+00  4.77477910e+00  3.30000000e+00
 9.01735279e-05  0.00000000e+00  0.00000000e+00  4.77479499e+00  3.30000000e+00
 9.02235279e-05  0.00000000e+00  0.00000000e+00  4.77481054e+00  3.30000000e+00
 9.02735279e-05  0.00000000e+00  0.00000000e+00  4.77482575e+00  3.30000000e+00
 9.03235279e-05  0.00000000e+00  0.00000000e+00  4.77484063e+00  3.30000000e+00
 9.03735279e-05  0.00000000e+00  0.00000000e+00  4.77485519e+00  3.30000000e+00
 9.04235279e-05  0.00000000e+00  0.00000000e+00  4.77486943e+00  3.30000000e+00
 9.04735279e-05  0.00000000e+00  0.00000000e+00  4.77488336e+00  3.30000000e+00
 9.05235279e-05  0.00000000e+00  0.00000000e+00  4.77489698e+00  3.30000000e+00
 9.05735279e-05  0.00000000e+00  0.00000000e+00  4.77491031e+00  3.30000000e+00
 9.06235279e-05  0.00000000e+00  0.00000000e+00  4.77492335e+00  3.30000000e+00
 9.06735279e-05  0.00000000e+00  0.00000000e+00  4.77493611e+00  3.30000000e+00
 9.07235279e-05  0.00000000e+00  0.00000000e+00  4.77494859e+00  3.30000000e+00
 9.07735279e-05  0.00000000e+00  0.00000000e+00  4.77496079e+00  3.30000000e+00
 9.08235279e-05  0.00000000e+00  0.00000000e+00  4.77497274e+00  3.30000000e+00
 9.08735279e-05  0.00000000e+00  0.00000000e+00  4.77498442e+00  3.30000000e+00
 9.09235279e-05  0.00000000e+00  0.00000000e+00  4.77499585e+00  3.30000000e+00
 9.09735279e-05  0.00000000e+00  0.00000000e+00  4.77500703e+00  3.30000000e+00
 9.10235279e-05  0.00000000e+00  0.00000000e+00  4.77501796e+00  3.30000000e+00
 9.10735279e-05  0.00000000e+00  0.00000000e+00  4.77502866e+00  3.30000000e+00
 9.11235279e-05  0.00000000e+00  0.00000000e+00  4.77503913e+00  3.30000000e+00
 9.11735279e-05  0.00000000e+00  0.00000000e+00  4.77504937e+00  3.30000000e+00
 9.12235279e-05  0.00000000e+00  0.00000000e+00  4.77505938e+00  3.30000000e+00
 9.12735279e-05  0.00000000e+00  0.00000000e+00  4.77506918e+00  3.30000000e+00
 9.13235279e-05  0.00000000e+00  0.00000000e+00  4.77507876e+00  3.30000000e+00
 9.13735279e-05  0.00000000e+00  0.00000000e+00  4.77508814e+00  3.30000000e+00
 9.14235279e-05  0.00000000e+00  0.00000000e+00  4.77509731e+00  3.30000000e+00
 9.14735279e-05  0.00000000e+00  0.00000000e+00  4.77510629e+00  3.30000000e+00
 9.15235279e-05  0.00000000e+00  0.00000000e+00  4.77511506e+00  3.30000000e+00
 9.15735279e-05  0.00000000e+00  0.00000000e+00  4.77512365e+00  3.30000000e+00
 9.16235279e-05  0.00000000e+00  0.00000000e+00  4.77513205e+00  3.30000000e+00
 9.16735279e-05  0.00000000e+00  0.00000000e+00  4.77514027e+00  3.30000000e+00
 9.17235279e-05  0.00000000e+00  0.00000000e+00  4.77514831e+00  3.30000000e+00
 9.17735279e-05  0.00000000e+00  0.00000000e+00  4.77515617e+00  3.30000000e+00
 9.18235279e-05  0.00000000e+00  0.00000000e+00  4.77516386e+00  3.30000000e+00
 9.18735279e-05  0.00000000e+00  0.00000000e+00  4.77517139e+00  3.30000000e+00
 9.19235279e-05  0.00000000e+00  0.00000000e+00  4.77517875e+00  3.30000000e+00
 9.19735279e-05  0.00000000e+00  0.00000000e+00  4.77518595e+00  3.30000000e+00
 9.20235279e-05  0.00000000e+00  0.00000000e+00  4.77519300e+00  3.30000000e+00
 9.20735279e-05  0.00000000e+00  0.00000000e+00  4.77519989e+00  3.30000000e+00
 9.21235279e-05  0.00000000e+00  0.00000000e+00  4.77520663e+00  3.30000000e+00
 9.21735279e-05  0.00000000e+00  0.00000000e+00  4.77521323e+00  3.30000000e+00
 9.22235279e-05  0.00000000e+00  0.00000000e+00  4.77521968e+00  3.30000000e+00
 9.22735279e-05  0.00000000e+00  0.00000000e+00  4.77522599e+00  3.30000000e+00
 9.23235279e-05  0.00000000e+00  0.00000000e+00  4.77523216e+00  3.30000000e+00
 9.23735279e-05  0.00000000e+00  0.00000000e+00  4.77523820e+00  3.30000000e+00
 9.24235279e-05  0.00000000e+00  0.00000000e+00  4.77524411e+00  3.30000000e+00
 9.24735279e-05  0.00000000e+00  0.00000000e+00  4.77524989e+00  3.30000000e+00
 9.25235279e-05  0.00000000e+00  0.00000000e+00  4.77525555e+00  3.30000000e+00
 9.25735279e-05  0.00000000e+00  0.00000000e+00  4.77526108e+00  3.30000000e+00
 9.26235279e-05  0.00000000e+00  0.00000000e+00  4.77526649e+00  3.30000000e+00
 9.26735279e-05  0.00000000e+00  0.00000000e+00  4.77527178e+00  3.30000000e+00
 9.27235279e-05  0.00000000e+00  0.00000000e+00  4.77527696e+00  3.30000000e+00
 9.27735279e-05  0.00000000e+00  0.00000000e+00  4.77528203e+00  3.30000000e+00
 9.28235279e-05  0.00000000e+00  0.00000000e+00  4.77528698e+00  3.30000000e+00
 9.28735279e-05  0.00000000e+00  0.00000000e+00  4.77529183e+00  3.30000000e+00
 9.29235279e-05  0.00000000e+00  0.00000000e+00  4.77529657e+00  3.30000000e+00
 9.29735279e-05  0.00000000e+00  0.00000000e+00  4.77530121e+00  3.30000000e+00
 9.30235279e-05  0.00000000e+00  0.00000000e+00  4.77530575e+00  3.30000000e+00
 9.30735279e-05  0.00000000e+00  0.00000000e+00  4.77531019e+00  3.30000000e+00
 9.31235279e-05  0.00000000e+00  0.00000000e+00  4.77531453e+00  3.30000000e+00
 9.31735279e-05  0.00000000e+00  0.00000000e+00  4.77531878e+00  3.30000000e+00
 9.32235279e-05  0.00000000e+00  0.00000000e+00  4.77532293e+00  3.30000000e+00
 9.32735279e-05  0.00000000e+00  0.00000000e+00  4.77532700e+00  3.30000000e+00
 9.33235279e-05  0.00000000e+00  0.00000000e+00  4.77533098e+00  3.30000000e+00
 9.33735279e-05  0.00000000e+00  0.00000000e+00  4.77533487e+00  3.30000000e+00
 9.34235279e-05  0.00000000e+00  0.00000000e+00  4.77533867e+00  3.30000000e+00
 9.34735279e-05  0.00000000e+00  0.00000000e+00  4.77534240e+00  3.30000000e+00
 9.35235279e-05  0.00000000e+00  0.00000000e+00  4.77534604e+00  3.30000000e+00
 9.35735279e-05  0.00000000e+00  0.00000000e+00  4.77534960e+00  3.30000000e+00
 9.36235279e-05  0.00000000e+00  0.00000000e+00  4.77535309e+00  3.30000000e+00
 9.36735279e-05  0.00000000e+00  0.00000000e+00  4.77535650e+00  3.30000000e+00
 9.37235279e-05  0.00000000e+00  0.00000000e+00  4.77535983e+00  3.30000000e+00
 9.37735279e-05  0.00000000e+00  0.00000000e+00  4.77536310e+00  3.30000000e+00
 9.38235279e-05  0.00000000e+00  0.00000000e+00  4.77536629e+00  3.30000000e+00
 9.38735279e-05  0.00000000e+00  0.00000000e+00  4.77536941e+00  3.30000000e+00
 9.39235279e-05  0.00000000e+00  0.00000000e+00  4.77537247e+00  3.30000000e+00
 9.39735279e-05  0.00000000e+00  0.00000000e+00  4.77537546e+00  3.30000000e+00
 9.40235279e-05  0.00000000e+00  0.00000000e+00  4.77537838e+00  3.30000000e+00
 9.40735279e-05  0.00000000e+00  0.00000000e+00  4.77538124e+00  3.30000000e+00
 9.41235279e-05  0.00000000e+00  0.00000000e+00  4.77538404e+00  3.30000000e+00
 9.41735279e-05  0.00000000e+00  0.00000000e+00  4.77538677e+00  3.30000000e+00
 9.42235279e-05  0.00000000e+00  0.00000000e+00  4.77538945e+00  3.30000000e+00
 9.42735279e-05  0.00000000e+00  0.00000000e+00  4.77539207e+00  3.30000000e+00
 9.43235279e-05  0.00000000e+00  0.00000000e+00  4.77539463e+00  3.30000000e+00
 9.43735279e-05  0.00000000e+00  0.00000000e+00  4.77539714e+00  3.30000000e+00
 9.44235279e-05  0.00000000e+00  0.00000000e+00  4.77539959e+00  3.30000000e+00
 9.44735279e-05  0.00000000e+00  0.00000000e+00  4.77540199e+00  3.30000000e+00
 9.45235279e-05  0.00000000e+00  0.00000000e+00  4.77540433e+00  3.30000000e+00
 9.45735279e-05  0.00000000e+00  0.00000000e+00  4.77540663e+00  3.30000000e+00
 9.46235279e-05  0.00000000e+00  0.00000000e+00  4.77540888e+00  3.30000000e+00
 9.46735279e-05  0.00000000e+00  0.00000000e+00  4.77541107e+00  3.30000000e+00
 9.47235279e-05  0.00000000e+00  0.00000000e+00  4.77541322e+00  3.30000000e+00
 9.47735279e-05  0.00000000e+00  0.00000000e+00  4.77541532e+00  3.30000000e+00
 9.48235279e-05  0.00000000e+00  0.00000000e+00  4.77541738e+00  3.30000000e+00
 9.48735279e-05  0.00000000e+00  0.00000000e+00  4.77541939e+00  3.30000000e+00
 9.49235279e-05  0.00000000e+00  0.00000000e+00  4.77542136e+00  3.30000000e+00
 9.49735279e-05  0.00000000e+00  0.00000000e+00  4.77542328e+00  3.30000000e+00
 9.50235279e-05  0.00000000e+00  0.00000000e+00  4.77542517e+00  3.30000000e+00
 9.50735279e-05  0.00000000e+00  0.00000000e+00  4.77542701e+00  3.30000000e+00
 9.51235279e-05  0.00000000e+00  0.00000000e+00  4.77542881e+00  3.30000000e+00
 9.51735279e-05  0.00000000e+00  0.00000000e+00  4.77543057e+00  3.30000000e+00
 9.52235279e-05  0.00000000e+00  0.00000000e+00  4.77543230e+00  3.30000000e+00
 9.52735279e-05  0.00000000e+00  0.00000000e+00  4.77543399e+00  3.30000000e+00
 9.53235279e-05  0.00000000e+00  0.00000000e+00  4.77543564e+00  3.30000000e+00
 9.53735279e-05  0.00000000e+00  0.00000000e+00  4.77543725e+00  3.30000000e+00
 9.54235279e-05  0.00000000e+00  0.00000000e+00  4.77543883e+00  3.30000000e+00
 9.54735279e-05  0.00000000e+00  0.00000000e+00  4.77544037e+00  3.30000000e+00
 9.55235279e-05  0.00000000e+00  0.00000000e+00  4.77544189e+00  3.30000000e+00
 9.55735279e-05  0.00000000e+00  0.00000000e+00  4.77544336e+00  3.30000000e+00
 9.56235279e-05  0.00000000e+00  0.00000000e+00  4.77544481e+00  3.30000000e+00
 9.56735279e-05  0.00000000e+00  0.00000000e+00  4.77544623e+00  3.30000000e+00
 9.57235279e-05  0.00000000e+00  0.00000000e+00  4.77544761e+00  3.30000000e+00
 9.57735279e-05  0.00000000e+00  0.00000000e+00  4.77544896e+00  3.30000000e+00
 9.58235279e-05  0.00000000e+00  0.00000000e+00  4.77545029e+00  3.30000000e+00
 9.58735279e-05  0.00000000e+00  0.00000000e+00  4.77545158e+00  3.30000000e+00
 9.59235279e-05  0.00000000e+00  0.00000000e+00  4.77545285e+00  3.30000000e+00
 9.59735279e-05  0.00000000e+00  0.00000000e+00  4.77545409e+00  3.30000000e+00
 9.60235279e-05  0.00000000e+00  0.00000000e+00  4.77545531e+00  3.30000000e+00
 9.60735279e-05  0.00000000e+00  0.00000000e+00  4.77545649e+00  3.30000000e+00
 9.61235279e-05  0.00000000e+00  0.00000000e+00  4.77545765e+00  3.30000000e+00
 9.61735279e-05  0.00000000e+00  0.00000000e+00  4.77545879e+00  3.30000000e+00
 9.62235279e-05  0.00000000e+00  0.00000000e+00  4.77545990e+00  3.30000000e+00
 9.62735279e-05  0.00000000e+00  0.00000000e+00  4.77546099e+00  3.30000000e+00
 9.63235279e-05  0.00000000e+00  0.00000000e+00  4.77546205e+00  3.30000000e+00
 9.63735279e-05  0.00000000e+00  0.00000000e+00  4.77546309e+00  3.30000000e+00
 9.64235279e-05  0.00000000e+00  0.00000000e+00  4.77546411e+00  3.30000000e+00
 9.64735279e-05  0.00000000e+00  0.00000000e+00  4.77546510e+00  3.30000000e+00
 9.65235279e-05  0.00000000e+00  0.00000000e+00  4.77546608e+00  3.30000000e+00
 9.65735279e-05  0.00000000e+00  0.00000000e+00  4.77546703e+00  3.30000000e+00
 9.66235279e-05  0.00000000e+00  0.00000000e+00  4.77546796e+00  3.30000000e+00
 9.66735279e-05  0.00000000e+00  0.00000000e+00  4.77546887e+00  3.30000000e+00
 9.67235279e-05  0.00000000e+00  0.00000000e+00  4.77546976e+00  3.30000000e+00
 9.67735279e-05  0.00000000e+00  0.00000000e+00  4.77547063e+00  3.30000000e+00
 9.68235279e-05  0.00000000e+00  0.00000000e+00  4.77547149e+00  3.30000000e+00
 9.68735279e-05  0.00000000e+00  0.00000000e+00  4.77547232e+00  3.30000000e+00
 9.69235279e-05  0.00000000e+00  0.00000000e+00  4.77547314e+00  3.30000000e+00
 9.69735279e-05  0.00000000e+00  0.00000000e+00  4.77547394e+00  3.30000000e+00
 9.70235279e-05  0.00000000e+00  0.00000000e+00  4.77547472e+00  3.30000000e+00
 9.70735279e-05  0.00000000e+00  0.00000000e+00  4.77547548e+00  3.30000000e+00
 9.71235279e-05  0.00000000e+00  0.00000000e+00  4.77547623e+00  3.30000000e+00
 9.71735279e-05  0.00000000e+00  0.00000000e+00  4.77547696e+00  3.30000000e+00
 9.72235279e-05  0.00000000e+00  0.00000000e+00  4.77547768e+00  3.30000000e+00
 9.72735279e-05  0.00000000e+00  0.00000000e+00  4.77547838e+00  3.30000000e+00
 9.73235279e-05  0.00000000e+00  0.00000000e+00  4.77547906e+00  3.30000000e+00
 9.73735279e-05  0.00000000e+00  0.00000000e+00  4.77547973e+00  3.30000000e+00
 9.74235279e-05  0.00000000e+00  0.00000000e+00  4.77548039e+00  3.30000000e+00
 9.74735279e-05  0.00000000e+00  0.00000000e+00  4.77548103e+00  3.30000000e+00
 9.75235279e-05  0.00000000e+00  0.00000000e+00  4.77548166e+00  3.30000000e+00
 9.75735279e-05  0.00000000e+00  0.00000000e+00  4.77548227e+00  3.30000000e+00
 9.76235279e-05  0.00000000e+00  0.00000000e+00  4.77548287e+00  3.30000000e+00
 9.76735279e-05  0.00000000e+00  0.00000000e+00  4.77548346e+00  3.30000000e+00
 9.77235279e-05  0.00000000e+00  0.00000000e+00  4.77548403e+00  3.30000000e+00
 9.77735279e-05  0.00000000e+00  0.00000000e+00  4.77548459e+00  3.30000000e+00
 9.78235279e-05  0.00000000e+00  0.00000000e+00  4.77548514e+00  3.30000000e+00
 9.78735279e-05  0.00000000e+00  0.00000000e+00  4.77548568e+00  3.30000000e+00
 9.79235279e-05  0.00000000e+00  0.00000000e+00  4.77548621e+00  3.30000000e+00
 9.79735279e-05  0.00000000e+00  0.00000000e+00  4.77548672e+00  3.30000000e+00
 9.80235279e-05  0.00000000e+00  0.00000000e+00  4.77548723e+00  3.30000000e+00
 9.80735279e-05  0.00000000e+00  0.00000000e+00  4.77548772e+00  3.30000000e+00
 9.81235279e-05  0.00000000e+00  0.00000000e+00  4.77548820e+00  3.30000000e+00
 9.81735279e-05  0.00000000e+00  0.00000000e+00  4.77548867e+00  3.30000000e+00
 9.82235279e-05  0.00000000e+00  0.00000000e+00  4.77548913e+00  3.30000000e+00
 9.82735279e-05  0.00000000e+00  0.00000000e+00  4.77548958e+00  3.30000000e+00
 9.83235279e-05  0.00000000e+00  0.00000000e+00  4.77549002e+00  3.30000000e+00
 9.83735279e-05  0.00000000e+00  0.00000000e+00  4.77549046e+00  3.30000000e+00
 9.84235279e-05  0.00000000e+00  0.00000000e+00  4.77549088e+00  3.30000000e+00
 9.84735279e-05  0.00000000e+00  0.00000000e+00  4.77549129e+00  3.30000000e+00
 9.85235279e-05  0.00000000e+00  0.00000000e+00  4.77549170e+00  3.30000000e+00
 9.85735279e-05  0.00000000e+00  0.00000000e+00  4.77549209e+00  3.30000000e+00
 9.86235279e-05  0.00000000e+00  0.00000000e+00  4.77549248e+00  3.30000000e+00
 9.86735279e-05  0.00000000e+00  0.00000000e+00  4.77549286e+00  3.30000000e+00
 9.87235279e-05  0.00000000e+00  0.00000000e+00  4.77549323e+00  3.30000000e+00
 9.87735279e-05  0.00000000e+00  0.00000000e+00  4.77549359e+00  3.30000000e+00
 9.88235279e-05  0.00000000e+00  0.00000000e+00  4.77549394e+00  3.30000000e+00
 9.88735279e-05  0.00000000e+00  0.00000000e+00  4.77549429e+00  3.30000000e+00
 9.89235279e-05  0.00000000e+00  0.00000000e+00  4.77549463e+00  3.30000000e+00
 9.89735279e-05  0.00000000e+00  0.00000000e+00  4.77549496e+00  3.30000000e+00
 9.90235279e-05  0.00000000e+00  0.00000000e+00  4.77549528e+00  3.30000000e+00
 9.90735279e-05  0.00000000e+00  0.00000000e+00  4.77549560e+00  3.30000000e+00
 9.91235279e-05  0.00000000e+00  0.00000000e+00  4.77549591e+00  3.30000000e+00
 9.91735279e-05  0.00000000e+00  0.00000000e+00  4.77549621e+00  3.30000000e+00
 9.92235279e-05  0.00000000e+00  0.00000000e+00  4.77549651e+00  3.30000000e+00
 9.92735279e-05  0.00000000e+00  0.00000000e+00  4.77549680e+00  3.30000000e+00
 9.93235279e-05  0.00000000e+00  0.00000000e+00  4.77549709e+00  3.30000000e+00
 9.93735279e-05  0.00000000e+00  0.00000000e+00  4.77549736e+00  3.30000000e+00
 9.94235279e-05  0.00000000e+00  0.00000000e+00  4.77549764e+00  3.30000000e+00
 9.94735279e-05  0.00000000e+00  0.00000000e+00  4.77549790e+00  3.30000000e+00
 9.95235279e-05  0.00000000e+00  0.00000000e+00  4.77549816e+00  3.30000000e+00
 9.95735279e-05  0.00000000e+00  0.00000000e+00  4.77549842e+00  3.30000000e+00
 9.96235279e-05  0.00000000e+00  0.00000000e+00  4.77549867e+00  3.30000000e+00
 9.96735279e-05  0.00000000e+00  0.00000000e+00  4.77549891e+00  3.30000000e+00
 9.97235279e-05  0.00000000e+00  0.00000000e+00  4.77549915e+00  3.30000000e+00
 9.97735279e-05  0.00000000e+00  0.00000000e+00  4.77549938e+00  3.30000000e+00
 9.98235279e-05  0.00000000e+00  0.00000000e+00  4.77549961e+00  3.30000000e+00
 9.98735279e-05  0.00000000e+00  0.00000000e+00  4.77549983e+00  3.30000000e+00
 9.99235279e-05  0.00000000e+00  0.00000000e+00  4.77550005e+00  3.30000000e+00
 9.99735279e-05  0.00000000e+00  0.00000000e+00  4.77550026e+00  3.30000000e+00
 1.00000000e-04  0.00000000e+00  0.00000000e+00  4.77550037e+00  3.30000000e+00
